Morpho_ID,Sample_Number,Morphospecies,Class,Order,Family,Genus,Species,Species_Name,Common_Name,ID_Level,Trophic,Hunting Style,Size,Duplicates
1,G1,Trig_Sp.,Insecta,Orthoptera,Trigonidiidae,Trigonidium,NA,NA,Trig_Sp.,Genus,Herbivore,NA,5-10mm,NA
2,G2,Green_Mirid,Insecta,Hemiptera,Miridae,Creontiades,dilutus,Creontiades_dilutus,Green_Mirid,Species,Herbivore,NA,5-10mm,"G19, G115, G148, G176, G266"
3,G3,Unknown_Midge,Insecta,Diptera,NA,NA,NA,NA,Fly_Sp.,Order,Unknown,NA,2.5-5mm,NA
4,G4,Black_Long-legged_Fly,Insecta,Diptera,Dolichopodidae,NA,NA,NA,Long-legged_Fly_Sp.,Family,Predator,NA,2.5-5mm,NA
5,G5,Tiny_Green_Typical_Leafhopper,Insecta,Hemiptera,Cicadellidae,NA,NA,NA,Typical_Leafhopper_Sp.,Family,Herbivore,NA,0-2.5mm,NA
6,G6,Green-Head_Ant,Insecta,Hymenoptera,Formicidae,Rhytidoponera,metallica,Rhytidoponera_metallica,Green-head_Ant,Species,Omnivore,Active_Hunting,5-10mm,NA
7,G7,Tiny_Typical_Leafhopper,Insecta,Hemiptera,Cicadellidae,NA,NA,NA,Typical_Leafhopper_Sp.,Family,Herbivore,NA,0-2.5mm,NA
8,G8,Striped_Brown_Typical_Leafhopper,Insecta,Hemiptera,Cicadellidae,NA,NA,NA,Typical_Leafhopper_Sp.,Family,Herbivore,NA,2.5-5mm,NA
9,G9,Christmas_Jewel_Spider,Arachnida,Araneae,Araneidae,Austracantha,minax,Austracantha_minax,Christmas_Jewel_Spider,Species,Predator,Web_Building,NA,NA
10,G10,Brown_Typical_Leafhopper,Insecta,Hemiptera,Cicadellidae,NA,NA,NA,Typical_Leafhopper_Sp.,Family,Herbivore,NA,5-10mm,NA
11,No_Sample,Large_Green_Grasshopper,Insecta,Orthoptera,NA,NA,NA,NA,Grasshopper_Sp.,Order,Herbivore,NA,>10mm,NA
12,G12,Small_Pale_Hemiptera,Insecta,Hemiptera,NA,NA,NA,NA,True_Bug_Sp.,Order,Unknown,NA,2.5-5mm,NA
13,G13,Tiny_Pale_Hemiptera,Insecta,Hemiptera,NA,NA,NA,NA,True_Bug_Sp.,Order,Unknown,NA,0-2.5mm,NA
14,G14,Minute_Brown_Scavenger_Beetle,Insecta,Coleoptera,Latridiidae,NA,NA,NA,Minute_Brown_Scavenger_Beetle_Sp.,Family,Fungivore,NA,0-2.5mm,"G83, G94,G181,G294, G51, G332"
15,G15,Black_Wasp_Yellow_Ab,Insecta,Hymenoptera,NA,NA,NA,NA,Wasp_Sp.,Order,Parasitic,Unknown,2.5-5mm,NA
16,G16,Small_Pale_Grasshopper,Insecta,Orthoptera,NA,NA,NA,NA,Grasshopper_Sp.,Order,Herbivore,NA,2.5-5mm,NA
18,G18,Fly_Dent_Wing,Insecta,Diptera,NA,NA,NA,NA,Fly_Sp.,Order,Unknown,NA,2.5-5mm,NA
19,No_Sample,Fly_Unknown_5,Insecta,Diptera,NA,NA,NA,NA,Fly_Sp.,Order,Unknown,NA,2.5-5mm,NA
20,G20,Aphid_Black-Green,Insecta,Hemiptera,Aphididae,NA,NA,NA,Aphid_Sp.,Family,Herbivore,NA,0-2.5mm,NA
21,G21,Whip_Spider,Arachnida,Araneae,Theridiidae,Ariamnes,colubrinus,Ariamnes_colubrinus,Whip_Spider,Species,Predator,Ambush_Hunters,NA,NA
22,G22,Small_Dark_Grasshopper,Insecta,Orthoptera,NA,NA,NA,NA,Grasshopper_Sp.,Order,Herbivore,NA,5-10mm,NA
23,G23,Non-biting_Midge_2,Insecta,Diptera,Chironomidae,NA,NA,NA,Non-biting_Midge_Sp.,Family,Omnivore,NA,5-10mm,G29
24,G24,Red_Eyed_Leaf_Hopper,Insecta,Hemiptera,Cicadellidae,NA,NA,NA,Typical_Leafhopper_Sp.,Family,Herbivore,NA,0-2.5mm,NA
25,G25,Grass_Lynx_1,Arachnida,Araneae,Oxyopidae,Oxyopes,NA,NA,Grass_Lynx_Spider_Sp.,Genus,Predator,Active_Hunting,NA,NA
26,G26,Lean_Lynx_Spider,Arachnida,Araneae,Oxyopidae,Oxyopes,macilentus,Oxyopes_macilentus,Lean_Lynx_Spider,Species,Predator,Active_Hunting,NA,"G29, G17, G72a, G243, G245, G249, G298, G300, G227"
27,G27,Macrosiphum_Aphid,Insecta,Hemiptera,Aphididae,Macrosiphum,NA,NA,Aphid_Sp.,Genus,Herbivore,NA,2.5-5mm,NA
28,G28,Pale_Brown_Spittlebug,Insecta,Hemiptera,Aphrophoridae,NA,NA,NA,Spittlebug_Sp.,Family,Herbivore,NA,2.5-5mm,NA
29,No_Sample,Pale_Moth,Insecta,Lepidoptera,NA,NA,NA,NA,Moth_Sp.,Order,Herbivore,NA,5-10mm,NA
30,G30,Brown_Typical_Leafhopper_2,Insecta,Hemiptera,Cicadellidae,NA,NA,NA,Typical_Leafhopper_Sp.,Family,Herbivore,NA,5-10mm,G53
31,G31,Trig_Sp_2,Insecta,Orthoptera,Trigonidiidae,NA,NA,NA,Trig_Sp.,Family,Herbivore,NA,2.5-5mm,NA
32,G32,Brown_Katydid,Insecta,Orthoptera,Tettigoniidae,NA,NA,NA,Katydid_Sp.,Family,Herbivore,NA,>10mm,NA
33,G33,Small_Black_Hemi,Insecta,Hemiptera,NA,NA,NA,NA,True_Bug_Sp.,Order,Unknown,NA,0-2.5mm,NA
34,G34,Crab_Spider_Long_Legs,Arachnida,Araneae,Thomisidae,NA,NA,NA,Crab_Spider_Sp.,Family,Predator,Ambush_Hunters,NA,NA
35,G35,Striped_Head_Dwarf,Arachnida,Araneae,Linyphiidae,NA,NA,NA,Sheetweb_Dwarf_Weaver_Sp.,Family,Predator,Unknown,NA,NA
36,G36,Fly_Pale_Under_Abdomen,Insecta,Diptera,NA,NA,NA,NA,Fly_Sp.,Order,Unknown,NA,2.5-5mm,NA
37,G37,Black_Stripe_Abdomen_Spider,Arachnida,Araneae,NA,NA,NA,NA,Spider_Sp.,Order,Predator,Unknown,NA,NA
38,G38,Torpedo_Bug,Insecta,Hemiptera,Flatidae,Siphanta,acuta,Siphanta_acuta,Torpedo_Bug,Species,Herbivore,NA,5-10mm,G75a
39,G39,Dark_Brown_Mantis,Insecta,Mantodea,Nanomantidae,Glabromantis,NA,NA,Mantis_Sp.,Genus,Predator,Ambush_Hunters,>10mm,NA
40,G40,Small_Fluorescent_Spider,Arachnida,Araneae,NA,NA,NA,NA,Spider_Sp.,Order,Predator,NA,NA,NA
41,G41,Aphid_Green,Insecta,Hemiptera,Aphididae,NA,NA,NA,Aphid_Sp.,Family,Herbivore,NA,0-2.5mm,NA
42,G42,Crab_Spider_Brown,Arachnida,Araneae,Thomisidae,NA,NA,NA,Crab_Spider_Sp.,Family,Predator,Ambush_Hunters,NA,NA
43,G43,Crab_Spider_Fluorescent,Arachnida,Araneae,Thomisidae,Tharrhalea,NA,NA,Tharrhalea_Sp.,Genus,Predator,Ambush_Hunters,NA,NA
44,G44,Tyrant_Ant_Sp_2,Insecta,Hymenoptera,Formicidae,Iridomyrmex,NA,NA,Tyrant_Ant_Sp.,Genus,Predator,Active_Hunting,2.5-5mm,NA
45,G45,Non-biting_Midge_1,Insecta,Diptera,Chironomidae,NA,NA,NA,Non-biting_Midge_Sp.,Family,Omnivore,NA,5-10mm,G11
46,G46,Fly_with_Yellow_on_Ab,Insecta,Diptera,NA,NA,NA,NA,Fly_Sp.,Order,Unknown,NA,0-2.5mm,NA
47,G47,Black_Mosquito_2,Insecta,Diptera,Culicidae,NA,NA,NA,Mosquito_Sp.,Family,Omnivore,Active_Hunting,2.5-5mm,NA
48,No_Sample,Fly_Unknown,Insecta,Diptera,NA,NA,NA,NA,Fly_Sp.,Order,Unknown,NA,2.5-5mm,NA
49,No_Sample,Fly_Unknown_2,Insecta,Diptera,NA,NA,NA,NA,Fly_Sp.,Order,Unknown,NA,2.5-5mm,NA
50,No_Sample,Pale_Thin_Hemiptera,Insecta,Hemiptera,NA,NA,NA,NA,True_Bug_Sp.,Order,Unknown,NA,0-2.5mm,NA
51,No_Sample,Fly_Unknown_3,Insecta,Diptera,NA,NA,NA,NA,Fly_Sp.,Order,Unknown,NA,2.5-5mm,NA
52,No_Sample,Large_Brown_Grasshopper,Insecta,Orthoptera,NA,NA,NA,NA,Grasshopper_Sp.,Order,Herbivore,NA,>10mm,NA
53,No_Sample,Small_Pale_Brown_Moth,Insecta,Lepidoptera,NA,NA,NA,NA,Moth_Sp.,Order,Herbivore,NA,2.5-5mm,NA
54,No_Sample,Fly_Unknown_4,Insecta,Diptera,NA,NA,NA,NA,Fly_Sp.,Order,Unknown,NA,2.5-5mm,NA
55,No_Sample,Brown_Flatid_Planthopper,Insecta,Hemiptera,Flatidae,NA,NA,NA,Flatid_Planthopper_Sp.,Family,Herbivore,NA,Unknown,NA
56,G49,Trig_Sp_3,Insecta,Orthoptera,Trigonidiidae,NA,NA,NA,Trig_Sp.,Family,Herbivore,NA,2.5-5mm,NA
57,G50,Insect_Larva,Insecta,NA,NA,NA,NA,NA,Insect_Sp.,Class,Unknown,NA,0-2.5mm,NA
58,G52,Little_Brown_Fly,Insecta,Diptera,NA,NA,NA,NA,Fly_Sp.,Order,Herbivore,NA,0-2.5mm,NA
59,G55,Pale_Brown_Moth_3,Insecta,Lepidoptera,NA,NA,NA,NA,Moth_Sp.,Order,Herbivore,NA,5-10mm,NA
60,G56,Brown_Insect,Insecta,NA,NA,NA,NA,NA,Insect_Sp.,Class,Unknown,NA,0-2.5mm,G139
61,G58,Tiny_Typical_Leafhopper_2,Insecta,Hemiptera,Cicadellidae,NA,NA,NA,Typical_Leafhopper_Sp.,Family,Herbivore,NA,0-2.5mm,NA
62,G59,Midge_Sp.,Insecta,Diptera,NA,NA,NA,NA,Midge_Sp.,Order,Unknown,NA,0-2.5mm,NA
63,G60,Brown_Orbweaver,Insecta,Araneae,Araneidae,NA,NA,NA,Orbweaver_Sp.,Family,Predator,Web_Building,NA,NA
64,G61,Black_Winged_Insect,Insecta,NA,NA,NA,NA,NA,Insect_Sp.,Class,Unknown,NA,Unknown,NA
65,G62,Sheet_Dwarf_Sp.,Insecta,Araneae,Linyphiidae,NA,NA,NA,Sheetweb_Dwarf_Weaver_Sp.,Family,Predator,Web_Building,NA,NA
66,G63,Bright_Green_Leafhopper_2,Insecta,Hemiptera,Cicadellidae,NA,NA,NA,Typical_Leafhopper_Sp.,Family,Herbivore,NA,0-2.5mm,NA
67,G64,Braconid_Wasp_Sp.,Insecta,Hymenoptera,Braconidae,NA,NA,NA,Braconid_Wasp_Sp.,Family,Parasitic,Active_Hunting,2.5-5mm,NA
68,G65,Mosquito_Sp_2,Insecta,Diptera,Culicidae,NA,NA,NA,Mosquito_Sp.,Family,Omnivore,NA,0-2.5mm,NA
69,G66,Orbweaver_Black_White,Arachnida,Araneae,Araneidae,NA,NA,NA,Orbweaver_Sp.,Family,Predator,Web_Building,NA,"G67, G81"
70,G68,Small_Lepidoptera_Looper_3 ,Insecta,Lepidoptera,NA,NA,NA,NA,Lepidoptera_Sp.,Order,Herbivore,NA,2.5-5mm,NA
71,G69,Small_Black_Fly_3,Insecta,Diptera,NA,NA,NA,NA,Fly_Sp.,Order,Unknown,NA,2.5-5mm,NA
72,G70a,Dark_Brown_Leafhopper,Insecta,Hemiptera,Cicadellidae,NA,NA,NA,Typical_Leafhopper_Sp.,Family,Herbivore,NA,2.5-5mm,NA
73,G71a,Brown_Orbweaver_2,Arachnida,Araneae,Araneidae,NA,NA,NA,Orbweaver_Sp.,Family,Predator,Web_Building,NA,NA
74,G73a,Small_Lepidoptera_Caterpillar,Insecta,Lepidoptera,NA,NA,NA,NA,Lepidoptera_Sp.,Order,Herbivore,NA,0-2.5mm,NA
75,G74a,Grass_Lynx_2,Arachnida,Araneae,Oxyopidae,Oxyopes,NA,NA,Grass_Lynx_Spider_Sp.,Genus,Predator,Active_Hunting,NA,G321
76,No_Sample,Brown_Hemiptera,Insecta,Hemiptera,NA,NA,NA,NA,True_Bug_Sp.,Order,Unknown,NA,Unknown,NA
77,No_Sample,Black_Fly_Small_Unknown,Insecta,Diptera,NA,NA,NA,NA,Fly_Sp.,Order,Unknown,NA,Unknown,NA
78,No_Sample,Small_Brown_Hemiptera,Insecta,Hemiptera,NA,NA,NA,NA,True_Bug_Sp.,Order,Unknown,NA,Unknown,NA
79,G70b,Small_Black_Ant,Insecta,Hymenoptera,Formicidae,NA,NA,NA,Ant_Sp.,Family,Unknown,NA,0-2.5mm,"G80, G85,G116, G180, G225, G259, G293, G337"
80,G71b,Black_Mosquito_1,Insecta,Diptera,Culicidae,NA,NA,NA,Mosquito_Sp.,Family,Omnivore,Active_Hunting,2.5-5mm,NA
81,G72b,Orange_Aphid,Insecta,Hemiptera,Aphididae,NA,NA,NA,Aphid_Sp.,Family,Herbivore,NA,0-2.5mm,G75b
82,G73b,False_Chinch_Bug_Sp.,Insecta,Hemiptera,Lygaeidae,Nysius,NA,NA,False_Chinch_Bug_Sp.,Genus,Herbivore,NA,2.5-5mm,NA
83,G74b,Small_Black_Wasp,Insecta,Hymenoptera,NA,NA,NA,NA,Wasp_Sp.,Order,Parasitic,NA,0-2.5mm,"G161, G204"
84,G76,Mottled_Brown_Leafhopper,Insecta,Hemiptera,Cicadellidae,NA,NA,NA,Typical_Leafhopper_Sp.,Family,Herbivore,NA,2.5-5mm,G203
85,G77,Typical_Treehopper,Insecta,Hemiptera,Membracidae,NA,NA,NA,Typical_Treehopper_Sp.,Family,Herbivore,NA,2.5-5mm,"G164, G191"
86,G78,Black_Hemiptera_2,Insecta,Hemiptera,NA,NA,NA,NA,True_Bug_Sp.,Order,Unknown,NA,0-2.5mm,NA
87,G82,Non-biting_Midge_3,Insecta,Diptera,Chironomidae,NA,NA,NA,Non-biting_Midge_Sp.,Family,Omnivore,NA,2.5-5mm,NA
88,G84,Unknown_Ladybug,Insecta,Coleoptera,Coccinellidae,NA,NA,NA,Ladybug_Sp.,Family,Predator,Active_Hunting,2.5-5mm,NA
89,G86,Trig_Sp_4,Insecta,Orthoptera,Trigonidiidae,NA,NA,NA,Trig_Sp.,Family,Herbivore,NA,2.5-5mm,G247
90,G87,Little_Brown_Fly_4,Insecta,Diptera,NA,NA,NA,NA,Fly_Sp.,Order,Unknown,NA,0-2.5mm,NA
91,G88,Flea_Beetle_Sp_1,Insecta,Coleoptera,Chrysomelidae,Arsipoda,NA,NA,Flea_Beetle_Sp.,Genus,Herbivore,NA,2.5-5mm,NA
92,G89,Flea_Beetle_Sp_2,Insecta,Coleoptera,Chrysomelidae,Phyllotreta,NA,NA,Flea_Beetle_Sp.,Family,Herbivore,NA,0-2.5mm,G158
93,G90,Small_Black_Wasp_2,Insecta,Hymenoptera,NA,NA,NA,NA,Wasp_Sp.,Order,Parasitic,Active_Hunting,0-2.5mm,NA
94,G91,Transverse_Ladybug,Insecta,Coleoptera,Coccinellidae,Coccinella,transversalis,Coccinella_transversalis,Transverse_Ladybug,Species,Predator,Active_Hunting,5-10mm,G302
95,G92,Brown_Orbweaver_3,Arachnida,Araneae,Araneidae,NA,NA,NA,Orbweaver_Sp.,Family,Predator,Web_Building,NA,NA
96,G93,Small_Black_Wasp_3,Insecta,Hymenoptera,NA,NA,NA,NA,Wasp_Sp.,Order,Parasitic,Active_Hunting,0-2.5mm,NA
97,No_Sample,Fly_Unknown_6,Insecta,Diptera,NA,NA,NA,NA,Fly_Sp.,Order,Unknown,NA,Unknown,NA
98,No_Sample,Black_Hemiptera,Insecta,Hemiptera,NA,NA,NA,NA,True_Bug_Sp.,Order,Unknown,NA,Unknown,NA
99,No_Sample,Hemiptera_Thin_Grey_Wings,Insecta,Hemiptera,NA,NA,NA,NA,True_Bug_Sp.,Order,Unknown,NA,Unknown,NA
100,No_Sample,Large_Black_Orange_Wasp,Insecta,Hymenoptera,NA,NA,NA,NA,Wasp_Sp.,Order,Parasitic,Active_Hunting,Unknown,NA
101,G95,Orange_Leg_Small_Fly,Insecta,Diptera,NA,NA,NA,NA,Fly_Sp.,Order,Unknown,NA,0-2.5,NA
102,G96,Fruit_Fly_Sp.,Insecta,Diptera,Tephritidae,Spathulina ,acroleuca,Spathulina_acroleuca,Fruit_Fly_Sp.,Species,Herbivore,NA,2.5-5mm,"G145, G192"
103,G97,Tiny_Typical_Leafhopper_3,Insecta,Hemiptera,Cicadellidae,NA,NA,NA,Typical_Leafhopper_Sp.,Family,Herbivore,NA,0-2.5,G57
104,G98,Dark_Brown_Leafhopper_2,Insecta,Hemiptera,Cicadellidae,NA,NA,NA,Typical_Leafhopper_Sp.,Family,Herbivore,NA,2.5-5mm,NA
105,G99,Fruit_Fly_Sp_2,Insecta,Diptera,Tephritidae,NA,NA,NA,Fruit_Fly_Sp.,Family,Herbivore,NA,2.5-5mm,NA
106,G100,Black-brown_Ant,Insecta,Hymenoptera,Formicidae,NA,NA,NA,Ant_Sp.,Family,Unknown,NA,2.5-5mm,"G156, G186, G194, G24"
107,G101,Tiny_Pale_Hemiptera_2,Insecta,Hemiptera,NA,NA,NA,NA,True_Bug_Sp.,Order,Unknown,NA,0-2.5mm,NA
108,G102,Orange_Wasp,Insecta,Hymenoptera,NA,NA,NA,NA,Wasp_Sp.,Order,Parasitic,Active_Hunting,2.5-5mm,NA
109,G103,Black_Hemiptera_3,Insecta,Hemiptera,NA,NA,NA,NA,True_Bug_Sp.,Order,Unknown,NA,0-2.5mm,NA
110,G104,Psylloid_Sp.,Insecta,Hemiptera,Aphalaridae,NA,NA,NA,Psylloid_Sp.,Family,Herbivore,NA,0-2.5mm,NA
111,G105,Black_Wasp_2,Insecta,Hymenoptera,NA,NA,NA,NA,Wasp_Sp.,Order,Parasitic,Active_Hunting,0-2.5mm,NA
112,G106,Grass_Lynx_3,Arachnida,Araneae,Oxyopidae,Oxyopes,NA,NA,Grass_Lynx_Spider_Sp.,Genus,Predator,Active_Hunting,NA,G232
113,G108,Pale_Brown_Moth_4,Insecta,Lepidoptera,NA,NA,NA,NA,Moth_Sp.,Order,Herbivore,NA,5-10mm,NA
114,G109,Tiny_Black_Fly_2,Insecta,Diptera,NA,NA,NA,NA,Fly_Sp.,Order,Unknown,NA,0-2.5mm,NA
115,G110,Tyrant_Ant_Sp.,Insecta,Hymenoptera,Formicidae,Iridomyrmex,NA,NA,Tyrant_Ant_Sp.,Genus,Predator,Active_Hunting,2.5-5mm,G264
116,G111,Brown_Beetle,Insecta,Coleoptera,NA,NA,NA,NA,Beetle_Sp.,Order,Unknown,NA,0-2.5mm,NA
117,G112,Aphid_Green_2,Insecta,Hemiptera,Aphididae,NA,NA,NA,Aphid_Sp.,Family,Herbivore,NA,2.5-5mm,G121
118,G113,Spotted_Amber_Ladybird,Insecta,Coleoptera,Coccinellidae,Hippodamia,variegata,Hippodamia_variegata,Spotted_Amber_Ladybird,Species,Predator,Active_Hunting,5-10mm,G289
119,G114,Small_Brown_Ant_2,Insecta,Hymenoptera,Formicidae,NA,NA,NA,Ant_Sp.,Family,Unknown,NA,0-2.5mm,NA
120,G117,Trig_Sp_5,Insecta,Orthoptera,Trigonidiidae,NA,NA,NA,Trig_Sp.,Family,Herbivore,NA,2.5-5mm,NA
121,G118,Aphid_Black,Insecta,Hemiptera,Aphididae,NA,NA,NA,Aphid_Sp.,Family,Herbivore,NA,0-2.5mm,G129
122,G119,Aphid_Black_2,Insecta,Hemiptera,Aphididae,NA,NA,NA,Aphid_Sp.,Family,Herbivore,NA,0-2.5mm,NA
123,G120,Kangaroo_Tick,Arachnida,Ixodida,Ixodidae,Amblyomma ,triguttatum,NA,Kangaroo_Tick,Species,Omnivore,Ambush_Hunters,NA,"G48, G160, G167, G253"
124,G122,Jumping_Spider,Arachnida,Araneae,Salticidae,NA,NA,NA,Jumping_Spider_Sp.,Family,Predator,Active_Hunting,NA,"G314, G222"
125,G123,Black_Beetle,Insecta,Coleoptera,NA,NA,NA,NA,Beetle_Sp.,Order,Herbivore,NA,2.5-5mm,NA
126,No_Sample,Dark_Small_Leafhopper,Insecta,Hemiptera,Cicadellidae,NA,NA,NA,Typical_Leafhopper_Sp.,Family,Herbivore,NA,0-2.5mm,NA
127,No_Sample,Fly_With_Wings_Out_Wide,Insecta,Diptera,NA,NA,NA,NA,Fly_Sp.,Order,Unknown,NA,NA,NA
128,No_Sample,Ant_Unknown,Insecta,Hymenoptera,Formicidae,NA,NA,NA,Ant_Sp.,Order,Unknown,NA,NA,NA
129,No_Sample,Dark_Moth,Insecta,Lepidoptera,NA,NA,NA,NA,Moth_Sp.,Order,Herbivore,NA,NA,NA
130,G125,Damsel_Bug_Sp.,Insecta,Hemiptera,Nabidae,NA,NA,NA,Damsel_Bug_Sp.,Family,Predator,Active_Hunting,5-10mm,NA
131,G126,Tiny_Typical_Leafhopper_4,Insecta,Hemiptera,Cicadellidae,NA,NA,NA,Typical_Leafhopper_Sp.,Family,Herbivore,NA,2.5-5mm,G195
132,G127,Brown_Orbweaver_4,Arachnida,Araneae,Araneidae,NA,NA,NA,Orbweaver_Sp.,Family,Predator,Web_Building,NA,NA
133,G128,Pale_Brown_Fly,Insecta,Diptera,NA,NA,NA,NA,Fly_Sp.,Order,Unknown,NA,0-2.5mm,NA
134,G130,Pointy_Runcina,Insecta,Araneae,Thomisidae,Runcinia ,acuminata,Runcinia_acuminata,Pointy_Runcina,Species,Predator,Ambush_Hunters,NA,"G284, G365"
135,G131,Small_Black_Green_Fly,Insecta,Diptera,NA,NA,NA,NA,Fly_Sp.,Order,Unknown,NA,0-2.5mm,NA
136,G132,Black_Hemiptera_4,Insecta,Hemiptera,NA,NA,NA,NA,True_Bug_Sp.,Order,Unknown,NA,0-2.5mm,NA
137,G133,Light_Brown_Hemiptera,Insecta,Hemiptera,NA,NA,NA,NA,True_Bug_Sp.,Order,Unknown,NA,0-2.5mm,NA
138,G134,Small_Pale_Hemiptera_2,Insecta,Hemiptera,NA,NA,NA,NA,True_Bug_Sp.,Order,Unknown,NA,0-2.5mm,NA
139,G135,Orbweaver_Brown,Insecta,Araneae,Araneidae,NA,NA,NA,Orbweaver_Sp.,Family,Predator,Web_Building,NA,G199
140,G136,Fruit_Fly_Sp_3,Insecta,Diptera,Tephritidae,NA,NA,NA,Fruit_Fly_Sp.,Family,Herbivore,NA,2.5-5mm,G205
141,G138,Rhino_Moth,Insecta,Lepidoptera,NA,NA,NA,NA,Moth_Sp.,Order,Herbivore,NA,5-10mm,NA
142,G140,Little_Brown_Fly_2,Insecta,Diptera,NA,NA,NA,NA,Fly_Sp.,Order,Unknown,NA,0-2.5mm,NA
143,G141,Rove_Beetle,Insecta,Coleoptera,Staphylinidae,NA,NA,NA,Rove_Beetle_Sp.,Family,Predator,Active_Hunting,2.5-5mm,NA
144,G142,Pale_Brown_Leafhopper,Insecta,Hemiptera,Cicadellidae,NA,NA,NA,Typical_Leafhopper_Sp.,Family,Herbivore,NA,5-10mm,"G155, G174, G265, G363"
145,G143,Little_Black_Fly,Insecta,Diptera,NA,NA,NA,NA,Fly_Sp.,Order,Unknown,NA,0-2.5mm,NA
146,G144,Red_Imported_Fire_Ant,Insecta,Hymenoptera,Formicidae,Solenopsis,invicta,Solenopsis_invicta,Red_Imported_Fire_Ant,Species,Omnivore,NA,2.5-5mm,NA
147,G146,Black-brown_Ant_2,Insecta,Hymenoptera,Formicidae,NA,NA,NA,Ant_Sp.,Family,Unknown,NA,2.5-5mm,NA
148,G147,Aphid_Red_Legs,Insecta,Hemiptera,Aphididae,NA,NA,NA,Aphid_Sp.,Family,Herbivore,NA,0-2.5mm,NA
149,G149,Fruit_Fly_Sp_4,Insecta,Diptera,Tephritidae,NA,NA,NA,Fruit_Fly_Sp.,Family,Herbivore,NA,2.5-5mm,NA
150,G150,Non-biting_Midge_4,Insecta,Diptera,Chironomidae,NA,NA,NA,Non-biting_Midge_Sp.,Family,Omnivore,NA,5-10mm,NA
151,G151,Tumbling_Flower_Beetle_2,Insecta,Coleoptera,Mordellidae,NA,NA,NA,Tumbling_Flower_Beetles_Sp.,Family,Herbivore,NA,2.5-5mm,NA
152,G152,Striped_Ladybug,Insecta,Coleoptera,Coccinellidae,Micraspis,frenata,Micraspis_frenata,Striped_Ladybug,Species,Predator,Active_Hunting,5-10mm,NA
153,G153,Green_Leafhopper_2,Insecta,Hemiptera,NA,NA,NA,NA,Leafhopper_Sp.,Order,Herbivore,NA,2.5-5mm,NA
154,G154,Rove_Beetle_2,Insecta,Coleoptera,Staphylinidae,NA,NA,NA,Rove_Beetle_Sp.,Family,Predator,Active_Hunting,5-10mm,NA
155,G157,Small_Black_Fly,Insecta,Diptera,NA,NA,NA,NA,Fly_Sp.,Order,Unknown,NA,0-2.5mm,NA
156,G159,Orbweaver_Brown_2,Arachnida,Araneae,Araneidae,NA,NA,NA,Orbweaver_Sp.,Family,Predator,Web_Building,NA,G206
157,G162,Tiny_Pale_Hemiptera_3,Insecta,Hemiptera,NA,NA,NA,NA,NA,Order,Unknown,NA,0-2.5mm,NA
158,No_Sample,Small_Pale_Spider,Arachnida,Araneae,NA,NA,NA,NA,Spider_Sp.,Order,Predator,Unknown,0-2.5mm,NA
159,No_Sample,Tiny_Hemiptera,Insecta,Hemiptera,NA,NA,NA,NA,True_Bug_Sp.,Order,Unknown,NA,0-2.5mm,NA
160,No_Sample,Moth_Unknown,Insecta,Lepidoptera,NA,NA,NA,NA,Moth_Sp.,Order,Herbivore,NA,2.5-5mm,NA
161,No_Sample,Dark_Leafhopper,Insecta,Hemiptera,Cicadellidae,NA,NA,NA,Typical_Leafhopper_Sp.,Family,Herbivore,NA,0-2.5mm,NA
162,No_Sample,Whitefly,Insecta,Hemiptera,Aleyrodidae,NA,NA,NA,Whitefly,Order,Herbivore,NA,0-2.5mm,NA
163,No_Sample,Black_Orange_Large_Insect,Insecta,NA,NA,NA,NA,NA,Insect_Sp.,Class,Unknown,NA,5-10mm,NA
164,No_Sample,Long_Small_Hemiptera,Insecta,Hemiptera,NA,NA,NA,NA,True_Bug_Sp.,Order,Unknown,NA,0-2.5mm,NA
165,No_Sample,Black_Fly_Small,Insecta,Diptera,NA,NA,NA,NA,Fly_Sp.,Order,Unknown,NA,0-2.5mm,NA
166,G163,Tree_Cricket_Sp.,Insecta,Orthoptera,Oecanthidae,NA,NA,NA,Tree_Cricket_Sp.,Family,Unknown,NA,>10mm,NA
167,G165,Jumping_Spider_2,Arachnida,Araneae,Salticidae,NA,NA,NA,Jumping_Spider_Sp.,Family,Predator,Active_Hunting,NA,NA
168,G166,Black_Long_Antenna_Beetle,Insecta,Coleoptera,NA,NA,NA,NA,Beetle_Sp.,Order,Unknown,NA,2.5-5mm,NA
169,G168,Coleoptera_Larvae_2,Insecta,Coleoptera,NA,NA,NA,NA,Beetle_Sp.,Order,Unknown,NA,2.5-5mm,NA
170,G169,Small_Black_Wasp_4,Insecta,Hymenoptera,NA,NA,NA,NA,Wasp_Sp.,Order,Parasitic,NA,2.5-5mm,NA
171,G170,Aphid_Black_3,Insecta,Hemiptera,Aphididae,NA,NA,NA,Aphid_Sp.,Family,Herbivore,NA,0-2.5mm,NA
172,G171,Small_Brown_Beetle_2,Insecta,Coleoptera,NA,NA,NA,NA,Beetle_Sp.,Order,Unknown,NA,0-2.5mm,NA
173,G172,Black_Fly,Insecta,Diptera,NA,NA,NA,NA,Fly_Sp.,Order,Unknown,NA,2.5-5mm,NA
174,G173,Black-brown_Ant_3,Insecta,Hymenoptera,Formicidae,NA,NA,NA,Ant_Sp.,Family,Unknown,NA,2.5-5mm,G124
175,G175,Pale_Brown_Moth,Insecta,Lepidoptera,NA,NA,NA,NA,Moth_Sp.,Order,Herbivore,NA,5-10mm,NA
176,G177,Tiny_Typical_Leafhopper_7,Insecta,Hemiptera,Cicadellidae,NA,NA,NA,Leafhopper_Sp.,Family,Herbivore,NA,0-2.5mm,NA
177,G178,Jumping_Spider_3,Arachnida,Araneae,Salticidae,NA,NA,NA,Jumping_Spider_Sp.,Order,Predator,Active_Hunting,NA,NA
178,G179,False_Chinch_Bug_Sp_3,Insecta,Hemiptera,Lygaeidae,NA,NA,NA,Seed_Bug_Sp.,Family,Herbivore,NA,2.5-5mm,NA
179,G182,Longlegged_Sac_Spider,Arachnida,Araneae,Cheiracanthiidae,Cheiracanthium,NA,NA,Longlegged_Sac_Spider,Genus,Predator,Active_Hunting,NA,"G190, G209, G217, G236"
180,G183,Primitive_Weevil_Sp,Insecta,Coleoptera,Belidae,Rhinotia,NA,NA,Primitive_Weevil_Sp.,Genus,Herbivore,NA,>10mm,NA
181,G184,Small_Brown_Grasshopper,Insecta,Orthoptera,NA,NA,NA,NA,Grasshopper_Sp.,Order,Herbivore,NA,5-10mm,NA
182,G185,False_Chinch_Bug_Sp_2,Insecta,Hemiptera,Lygaeidae,NA,NA,NA,False_Chinch_Bug_Sp.,Family,Herbivore,NA,2.5-5mm,NA
183,G187,Trig_Sp_6,Insecta,Orthoptera,Trigonidiidae,NA,NA,NA,Trig_Sp.,Family,Herbivore,NA,5-10mm,NA
184,G188,Small_Pale_Grasshopper_2,Insecta,Orthoptera,Acrididae,NA,NA,NA,Short_Horn_Grasshopper_Sp.,Family,Herbivore,NA,5-10mm,"G231, G234, G235"
185,G189,Mosquito_Sp.,Insecta,Diptera,Culicidae,NA,NA,NA,Mosquito_Sp.,Family,Omnivore,Active_Hunting,0-2.5mm,NA
186,No_Sample,Black_Large_Hemiptera,Insecta,Hemiptera,NA,NA,NA,NA,True_Bug_Sp.,Order,Unknown,NA,>10mm,NA
187,G193,White_Fruit_Fly,Insecta,Diptera,Drosophilidae,NA,NA,NA,Fruit_Fly_Sp.,Family,Unknown,NA,2.5-5mm,G201
188,G196,Blow_Fly_Sp.,Insecta,Diptera,Calliphoridae,NA,NA,NA,Blow_Fly_Sp.,Family,Detritivore,NA,2.5-5mm,NA
189,G197,Green_Leafhopper,Insecta,Hemiptera,Cicadellidae,NA,NA,NA,Typical_Leafhopper_Sp.,Family,Herbivore,NA,2.5-5mm,G351
190,G198,Lynx_Spider_Sp.,Arachnida,Araneae,Oxyopidae,NA,NA,NA,Lynx_Spider_Sp.,Family,Predator,Ambush_Hunters,NA,"G248, G322"
191,G200,Straight-snouted_Weevil_Sp.,Insecta,Coleoptera,Brentidae,NA,NA,NA,Straight-snouted_Weevil_Sp.,Family,Herbivore,NA,2.5-5mm,NA
192,G202,Dark_Brown_Leafhopper_3,Insecta,Hemiptera,Cicadellidae,NA,NA,NA,Typical_Leafhopper_Sp.,Family,Herbivore,NA,2.5-5mm,NA
193,G207,Small_Black_Wasp_6,Insecta,Hymenoptera,NA,NA,NA,NA,Wasp_Sp.,Order,Parasitic,NA,0-2.5mm,NA
194,G208,Flea_Beetle_Sp_3,Insecta,Coleoptera,Chrysomelidae,NA,NA,NA,Flea_Beetle_Sp.,Family,Herbivore,NA,2.5-5mm,G214
195,G210,Jumping_Spider_4,Arachnida,Araneae,Salticidae,NA,NA,NA,Jumping_Spider_Sp.,Family,Predator,Active_Hunting,NA,NA
196,G211,Upturned_Abdomen_Leafhopper,Insecta,Hemiptera,NA,NA,NA,NA,Leafhopper_Sp.,Order,Herbivore,NA,2.5-5mm,NA
197,G212,Orbweaver_Brown_4,Arachnida,Araneae,Araneidae,NA,NA,NA,Orbweaver_Sp.,Family,Predator,Web_Building,NA,NA
198,G213,Non-biting_Midge_5,Insecta,Diptera,Chironomidae,NA,NA,NA,Non-biting_Midge_Sp.,Family,Unknown,NA,0-2.5mm,NA
199,G215,Tiny_Typical_Leafhopper_5,Insecta,Hemiptera,Cicadellidae,NA,NA,NA,Typical_Leafhopper_Sp.,Family,Herbivore,NA,2.5-5mm,NA
200,G216,Orbweaver_Brown_5,Arachnida,Araneae,Araneidae,NA,NA,NA,Orbweaver_Sp.,Family,Predator,Web_Building,NA,NA
201,G218,Orbweaver_Brown_6,Arachnida,Araneae,Araneidae,NA,NA,NA,Orbweaver_Sp.,Family,Predator,Web_Building,NA,NA
202,G219,Striped_Lepidoptera_Looper,Insecta,Lepidoptera,NA,NA,NA,NA,Lepidoptera_Sp.,Order,Herbivore,NA,5-10mm,NA
203,No_Sample,Orange_Leg_Cricket,Insecta,Orthoptera,NA,NA,NA,NA,Cricket_Sp.,Order,Herbivore,NA,5-10mm,NA
204,No_Sample,Large_Black_Fly,Insecta,Diptera,NA,NA,NA,NA,Fly_Sp.,Order,NA,NA,2.5-5mm,NA
205,G220,Short_Horn_Grasshopper_Sp,Insecta,Orthoptera,Acrididae,NA,NA,NA,Short_Horn_Grasshopper_Sp.,Family,Herbivore,NA,>10mm,NA
206,G221,Small_Black_Wasp_5,Insecta,Hymenoptera,NA,NA,NA,NA,Wasp_Sp.,Order,Parasitic,NA,0-2.5mm,NA
207,G223,White_Fruit_Fly_2,Insecta,Diptera,Tephritidae,NA,NA,NA,Fruit_Fly_Sp.,Family,Unknown,NA,2.5-5mm,NA
208,G224,Pale_Striped_Leafhopper,Insecta,Hemiptera,Cicadellidae,NA,NA,NA,Typical_Leafhopper_Sp.,Family,Herbivore,NA,2.5-5mm,"G258, G296"
209,G226a,Black_Fly_Orange_Legs,Insecta,Diptera,NA,NA,NA,NA,Fly_Sp.,Order,Unknown,NA,2.5-5mm,NA
210,G226b,Jumping_Spider_5,Arachnida,Araneae,Salticidae,NA,NA,NA,Jumping_Spider_Sp.,Family,Predator,Active_Hunting,NA,G324
211,G229,Sheet_Dwarf_2,Arachnida,Araneae,Linyphiidae,NA,NA,NA,Sheetweb_Dwarf_Weaver_Sp.,Family,Predator,Web_Building,NA,NA
212,G233,Black-brown_Ant_4,Insecta,Hymenoptera,Formicidae,NA,NA,NA,Ant_Sp.,Family,Unknown,NA,5-10mm,NA
213,G237,Orange_Beetle,Insecta,Coleoptera,NA,NA,NA,NA,Beetle_Sp.,Order,Unknown,NA,2.5-5mm,NA
214,G238,Red_Hemiptera_Nymph_2,Insecta,Hemiptera,Cicadellidae,NA,NA,NA,Typical_Leafhopper_Sp.,Family,Herbivore,NA,2.5-5mm,"G230, G228"
215,G239,False_Chinch_Bug_Sp_4,Insecta,Hemiptera,Lygaeidae,Nysius,NA,NA,False_Chinch_Bug_Sp.,Family,Herbivore,NA,5-10mm,NA
216,G243,Jumping_Spider_6,Arachnida,Araneae,Salticidae,NA,NA,NA,Jumping_Spider_Sp.,Family,Predator,Active_Hunting,NA,NA
217,G244,Pale_Brown_Leafhopper_2,Insecta,Hemiptera,Cicadellidae,NA,NA,NA,Typical_Leafhopper_Sp.,Family,Herbivore,NA,5-10mm,NA
218,G246,Orbweaver_Brown_7,Arachnida,Araneae,Araneidae,NA,NA,NA,Orbweaver_Sp.,Family,Predator,Web_Building,NA,NA
219,No_Sample,Small_Black_Fly_2,Insecta,Diptera,NA,NA,NA,NA,Fly_Sp.,Order,Unknown,NA,0-2.5mm,NA
220,No_Sample,Tiny_Hemiptera_Red,Insecta,Hemiptera,NA,NA,NA,NA,True_Bug_Sp.,Order,Unknown,NA,0-2.5mm,NA
221,No_Sample,Small_Fly_Unknown,Insecta,Diptera,NA,NA,NA,NA,Fly_Sp.,Order,Unknown,NA,NA,NA
222,No_Sample,Small_Brown_Grasshopper_2,Insecta,Orthoptera,NA,NA,NA,NA,Grasshopper_Sp.,Order,Herbivore,NA,2.5-5mm,NA
223,No_Sample,Wasp_Abdomen_Up,Insecta,Hymenoptera,NA,NA,NA,NA,Wasp_Sp.,Order,Parasitic,NA,NA,NA
224,G251,Small_Lepidoptera_Looper ,Insecta,Lepidoptera,NA,NA,NA,NA,Lepidoptera_Sp.,Order,Herbivore,NA,2.5-5mm,NA
225,G252,Small_Black_Fly_4,Insecta,Diptera,NA,NA,NA,NA,Fly_Sp.,Order,Unknown,NA,0-2.5mm,NA
226,G254,Blow_Fly_Sp_2,Insecta,Diptera,Calliphoridae,NA,NA,NA,Blow_Fly_Sp.,Family,Detritivore,NA,5-10mm,"G272, G291, G107"
227,G255,Tiny_Typical_Leafhopper_6,Insecta,Hemiptera,Cicadellidae,NA,NA,NA,Typical_Leafhopper_Sp.,Family,Herbivore,NA,0-2.5mm,G241
228,G256,Orbweaver_Brown_9,Arachnida,Araneae,Araneidae,NA,NA,NA,Orbweaver_Sp.,Family,Predator,Web_Building,NA,"G54, G137, G340"
229,G257,Sheet_Dwarf_3,Arachnida,Araneae,Linyphiidae,NA,NA,NA,Sheetweb_Dwarf_Weaver_Sp.,Order,Predator,Web_Building,NA,NA
230,G260,Small_Pale_Fly,Insecta,Diptera,NA,NA,NA,NA,Fly_Sp.,Order,Unknown,NA,0-2.5mm,NA
231,G261,Orbweaver_Brown_8,Arachnida,Araneae,Araneidae,NA,NA,NA,Orbweaver_Sp.,Family,Predator,Web_Building,NA,NA
232,G262,Flea_Beetle_Sp_5,Insecta,Coleoptera,Chrysomelidae,NA,NA,NA,Flea_Beetle_Sp.,Family,Herbivore,NA,0-2.5mm,NA
233,G263,Small_Brown_Beetle,Insecta,Coleoptera,NA,NA,NA,NA,Beetle_Sp.,Order,Unknown,NA,0-2.5mm,G295
234,G267,Small_Orange_Ant,Insecta,Hymenoptera,Formicidae,NA,NA,NA,Ant_Sp.,Family,Unknown,NA,0-2.5mm,NA
235,G269,Tumbling_Flower_Beetle,Insecta,Coleoptera,Mordellidae,NA,NA,NA,Tumbling_Flower_Beetles,Family,Herbivore,NA,2.5-5mm,G79
236,G270,Brown_Moth,Insecta,Lepidoptera,NA,NA,NA,NA,Moth_Sp.,Order,Herbivore,NA,2.5-5mm,NA
237,G271,Red_Hemiptera_Nymph,Insecta,Hemiptera,NA,NA,NA,NA,True_Bug_Nymph,Order,Unknown,NA,2.5-5mm,NA
238,G273,Hairy_Fungus_Beetle_Sp,Insecta,Coleoptera,Mycetophagidae,NA,NA,NA,Hairy_Fungus_Beetle_Sp.,Family,Fungivore,NA,2.5-5mm,NA
239,No_Sample,Pale_Grass_Spider,Arachnida,Araneae,NA,NA,NA,NA,Spider_Sp.,Order,Predator,Unknown,NA,NA
240,No_Sample,Dark_Brown_Leafhopper_Small,Insecta,Hemiptera,NA,NA,NA,NA,Leaf_Hopper_Sp.,Order,Herbivore,NA,0-2.5mm,NA
241,No_Sample,Pale_Brown_Moth_2,Insecta,Lepidoptera,NA,NA,NA,NA,Moth_Sp.,Order,Herbivore,NA,2.5-5mm,NA
242,No_Sample,Pale_Spider_2,Arachnida,Araneae,NA,NA,NA,NA,Spider_Sp.,Order,Predator,Unknown,NA,NA
243,No_Sample,Pale_Spider_White_Ab,Arachnida,Araneae,NA,NA,NA,NA,Spider_Sp.,Order,Predator,Unknown,NA,NA
244,No_Sample,Large_Grass_Spider,Arachnida,Araneae,NA,NA,NA,NA,Spider_Sp.,Order,Predator,Unknown,NA,NA
245,No_Sample,White_Leafhopper,Insecta,Hemiptera,NA,NA,NA,NA,Leaf_Hopper_Sp.,Order,Herbivore,NA,2.5-5mm,NA
246,No_Sample,Tiny_White_Spider,Arachnida,Araneae,NA,NA,NA,NA,Spider_Sp.,Order,Predator,Unknown,NA,NA
247,No_Sample,Tiny_Black_Fly,Insecta,Diptera,NA,NA,NA,NA,Fly_Sp.,Order,Unknown,NA,0-2.5mm,NA
248,G280,Orbweaver_Brown_10,Arachnida,Araneae,Araneidae,NA,NA,NA,Orbweaver_Sp.,Family,Predator,Web_Building,NA,G283
249,G281,Small_Lepidoptera_Looper_2,Insecta,Lepidoptera,NA,NA,NA,NA,Lepidoptera_Sp.,Order,Herbivore,NA,2.5-5mm,NA
250,G282,Long_Nosed_Planthopper_Green,Insecta,Hemiptera,Dictyopharidae,Hasta,hastata,Hasta_hastata,Long_Nosed_Plant_Hopper,Species,Herbivore,NA,>10mm,NA
251,G285,Little_Brown_Fly_3,Insecta,Diptera,NA,NA,NA,NA,Fly_Sp.,Order,Unknown,NA,0-2.5mm,NA
252,G286,Hairy_Lepidoptera,Insecta,Lepidoptera,NA,NA,NA,NA,Lepidoptera_Sp.,Order,Herbivore,NA,5-10mm,NA
253,G287,Aphid_Red_Spot,Insecta,Hemiptera,Aphididae,NA,NA,NA,Aphid_Sp.,Family,Herbivore,NA,0-2.5mm,NA
254,G288,Rove_Beetle_3,Insecta,Coleoptera,Staphylinidae,NA,NA,NA,Rove_Beetle_Sp.,Family,Predator,Active_Hunting,5-10mm,NA
255,G290,Aphid_Green_3,Insecta,Hemiptera,Aphididae,NA,NA,NA,Aphid_Sp.,Family,Herbivore,NA,0-2.5mm,NA
256,G292,Small_Black_Ant_2,Insecta,Hymenoptera,Formicidae,NA,NA,NA,Ant_Sp.,Family,Unknown,NA,0-2.5mm,NA
257,G297,Orbweaver_Brown_11,Arachnida,Araneae,Araneidae,NA,NA,NA,Orbweaver_Sp.,Family,Predator,Web_Building,NA,NA
258,G299,Stretched_Philodromid,Arachnida,Araneae,Philodromidae,Tibellus,tenellus,Tibellus_tenellus,Stretched_Philodromid,Species,Predator,Active_Hunting,NA,G361
259,G301,Thrips_Sp.,Insecta,Thysanoptera,NA,NA,NA,NA,Thrips_Sp.,Order,Unknown,NA,0-2.5mm,NA
260,G303,Green_Wasp,Insecta,Hymenoptera,NA,NA,NA,NA,Wasp_Sp.,Order,Parasitic,Active_Hunting,2.5-5mm,NA
261,G304,Moth_Pale_Brown,Insecta,Lepidoptera,NA,NA,NA,NA,Moth_Sp.,Order,Herbivore,NA,5-10mm,NA
262,G305,Long_Nosed_Planthopper_Brown,Insecta,Hemiptera,Dictyopharidae,Thanatodictya,NA,NA,Planthopper_Sp.,Genus,Herbivore,NA,5-10mm,NA
263,G306,Assassin_Bug_Sp.,Insecta,Hemiptera,Reduviidae,NA,NA,NA,Assassian_Bug_Sp.,Family,Predator,Ambush_Hunters,2.5-5mm,NA
264,G307,Hairy_Lepidoptera_2 ,Insecta,Lepidoptera,NA,NA,NA,NA,Lepidoptera_Sp.,Order,Herbivore,NA,5-10mm,NA
265,G308,Black_Wasp,Insecta,Hymenoptera,NA,NA,NA,NA,Wasp_Sp.,Order,Parasitic,Active_Hunting,2.5-5mm,NA
266,G309,Mirid_Sp.,Insecta,Hemiptera,Miridae,NA,NA,NA,Mirid_Sp.,Family,Herbivore,NA,5-10mm,NA
267,G310,Coleoptera_Larvae,Insecta,Coleoptera,NA,NA,NA,NA,Coleoptera_Sp.,Order,Unknown,NA,2.5-5mm,NA
268,G311,Ant-like_Flower_Beetle_Sp.,Insecta,Coleoptera,Anthicidae,NA,NA,NA,Ant-like_Flower_Beetle_Sp.,Family,Omnivore,NA,2.5-5mm,NA
269,G312,Dinumma_Sp. ,Insecta,Lepidoptera,Erebidae,Dinumma,mediobrunnea,Dinumma_mediobrunnea,Dinumma_Sp.,Species,Herbivore,NA,>10mm,G368
270,G313,Small_Striped_Flea_Beetle,Insecta,Coleoptera,Chrysomelidae,Phyllotreta,undulata,Phyllotreta_undulata,Small_Striped_Flea_Beetle,Species,Herbivore,NA,2.5-5mm,NA
271,No_Sample,Bright_Green_Leafhopper,Insecta,Hemiptera,NA,NA,NA,NA,Leaf_Hopper_Sp.,Order,Herbivore,NA,2.5-5mm,NA
272,No_Sample,Little_Moth,Insecta,Lepidoptera,NA,NA,NA,NA,Moth_Sp.,Order,Herbivore,NA,2.5-5mm,NA
273,No_Sample,Fly_Small,Insecta,Diptera,NA,NA,NA,NA,Fly_Sp.,Order,Unknown,NA,0-2.5mm,NA
274,No_Sample,Large_Brown_Grasshopper_2,Insecta,Orthoptera,NA,NA,NA,NA,Grasshopper_Sp.,Order,Herbivore,NA,>10mm,NA
275,No_Sample,Little_White_Spider,Arachnida,Araneae,NA,NA,NA,NA,Spider_Sp.,Order,Predator,Unknown,NA,NA
276,No_Sample,Small_Black_Flying_Hemiptera,Insecta,Hemiptera,NA,NA,NA,NA,True_Bug_Sp.,Order,Unknown,NA,0-2.5mm,NA
277,G315,Wide_Wing_Moth,Insecta,Lepidoptera,NA,NA,NA,NA,Moth_Sp.,Order,Herbivore,NA,5-10mm,NA
278,G316,Mottled_Brown_Leafhopper_2,Insecta,Hemiptera,Cicadellidae,NA,NA,NA,Typical_Leafhopper_Sp.,Family,Herbivore,NA,2.5-5mm,NA
279,G318,Short_Horn_grasshopper_Sp_2,Insecta,Orthoptera,Acrididae,NA,NA,NA,Short_Horn_Grasshopper_Sp.,Family,Herbivore,NA,5-10mm,NA
280,G319,Orbweaver_Brown_12,Arachnida,Araneae,Araneidae,NA,NA,NA,Orbweaver_Sp.,Family,Predator,Web_Building,NA,G354
281,G320,Square-ended_Crab_Spider_Sp.,Arachnida,Araneae,Thomisidae,Sidymella,NA,NA,Square-ended_Crab_Spider_Sp.,Genus,Predator,Web_Building,NA,NA
282,G323,Peacock_Spider,Arachnida,Araneae,Salticidae,Maratus,NA,NA,Peacock_Spider_Sp.,Genus,Predator,Active_Hunting,NA,NA
283,G325,Split_Leg_Wasp_2,Insecta,Hymenoptera,Encyrtidae,NA,NA,NA,Wasp_Sp.,Family,Parasitic,Active_Hunting,0-2.5mm,NA
284,G326,Dark_Brown_Leafhopper_4,Insecta,Hemiptera,Cicadellidae,NA,NA,NA,Typical_Leafhopper_Sp.,Family,Herbivore,NA,2.5-5mm,NA
285,G327,Lynx_Spider_Sp.2,Arachnida,Araneae,Oxyopidae,NA,NA,NA,Lynx_Spider_Sp.,Family,Predator,Ambush_Hunters,NA,NA
286,G328,Cricket,Insecta,Orthoptera,NA,NA,NA,NA,Cricket_Sp.,Order,Herbivore,NA,2.5-5mm,NA
287,G329,Pale_Leafhopper,Insecta,Hemiptera,NA,NA,NA,NA,Leafhopper_Sp.,Order,Herbivore,NA,0-2.5mm,NA
288,G330,Broad-headed_Bug_Sp.,Insecta,Hemiptera,Alydidae,NA,NA,NA,Broad-headed_Bug_Sp.,Family,Herbivore,NA,5-10mm,NA
289,G331,Orbweaver_Brown_3,Arachnida,Araneae,Araneidae,NA,NA,NA,Orbweaver_Sp.,Family,Predator,Web_Building,NA,NA
290,G333,Red_and_Blue_Beetle,Insecta,Coleoptera,Melyridae,Dicranolaius,bellulus,Dicranolaius_bellulus,Red_and_Blue_Beetle,Species,Predator,Active_Hunting,5-10mm,G268
291,G334,Orbweaver_Brown_13,Arachnida,Araneae,Araneidae,NA,NA,NA,Orbweaver_Sp.,Family,Predator,Web_Building,NA,NA
292,G335,Flea_Beetle_Sp_4,Insecta,Coleoptera,Chrysomelidae,Nisotra,bicolorata,Nisotra_bicolorata,Flea_Beetle_Sp.,Species,Herbivore,NA,2.5-5mm,NA
293,G336,Small_Brown_Ant,Insecta,Hymenoptera,Formicidae,NA,NA,NA,Ant_Sp.,Family,Omnivore,NA,0-2.5mm,G346
294,G338,Insect_Pupa,Insecta,NA,NA,NA,NA,NA,Insect_Sp.,Class,Unknown,NA,2.5-5mm,NA
295,G339,Small_Orange_Leafhopper,Insecta,Hemiptera,Cicadellidae,NA,NA,NA,Typical_Leafhopper_Sp.,Family,Herbivore,NA,0-2.5mm,G317
296,G341,Dusky_Lady_Beetle_Sp,Insecta,Coleoptera,Coccinellidae,NA,NA,NA,Dusky_Lady_Beetle_Sp.,Family,Predator,Active_Hunting,0-2.5mm,NA
297,G342,Split_Leg_Wasp,Insecta,Hymenoptera,Encyrtidae,NA,NA,NA,Wasp_Sp.,Family,Parasitic,Active_Hunting,0-2.5mm,NA
298,G343,Angulate_Spider_Sp.,Arachnida,Araneae,Araneidae,Araneus,NA,NA,Angulate_Spider_Sp.,Genus,Predator,Web_Building,NA,NA
299,G344,Green_Midge,Insecta,Diptera,NA,NA,NA,NA,Midge_Sp.,Order,Unknown,NA,2.5-5mm,NA
300,G345,Mirid_Sp_2,Insecta,Hemiptera,Miridae,Rayieria,acaciae,Rayieria_acaciae,Mirid_Sp.,Species,Herbivore,NA,5-10mm,NA
301,G347,Jumping_Spider_7,Arachnida,Araneae,Salticidae,NA,NA,NA,Jumping_Spider_Sp.,Family,Predator,Active_Hunting,NA,NA
302,G348,Wide_Leg_Fly,Insecta,Diptera,NA,NA,NA,NA,Fly_Sp.,Order,Unknown,NA,0-2.5mm,NA
303,G349,Long_Mantis,Insecta,Mantodea,Mantidae,NA,NA,NA,Mantis_Sp.,Family,Predator,Ambush_Hunters,>10mm,NA
304,G350,Stout_Grasshopper,Insecta,Orthoptera,NA,NA,NA,NA,Grasshopper_Sp.,Order,Herbivore,NA,>10mm,NA
305,G352,Orbweaver_Brown_14,Arachnida,Araneae,Araneidae,NA,NA,NA,Orbweaver_Sp.,Family,Predator,Web_Building,NA,NA
306,G353,Jumping_Spider_8,Arachnida,Araneae,Salticidae,NA,NA,NA,Jumping_Spider_Sp.,Family,Predator,Active_Hunting,NA,NA
307,G355,Lynx_Spider_Sp.3,Arachnida,Araneae,Oxyopidae,NA,NA,NA,Lynx_Spider_Sp.,Family,Predator,Ambush_Hunters,NA,NA
308,G356,Small_Orange_Ant_2,Insecta,Hymenoptera,Formicidae,NA,NA,NA,Ant_Sp.,Family,Unknown,NA,2.5-5mm,NA
309,No_Sample,Medium_Brown_Leafhopper,Insecta,Hemiptera,NA,NA,NA,NA,Leaf_Hopper_Sp.,Order,Herbivore,NA,0-2.5mm,NA
310,No_Sample,Long_Hemiptera_Grey,Insecta,Hemiptera,NA,NA,NA,NA,True_Bug_Sp.,Order,Unknown,NA,2.5-5mm,NA
311,No_Sample,Tiny_Pale_Spider_2,Arachnida,Araneae,NA,NA,NA,NA,Spider_Sp.,Order,Predator,Unknown,NA,NA
312,No_Sample,Little_Black_Hemiptera,Insecta,Hemiptera,NA,NA,NA,NA,True_Bug_Sp.,Order,Unknown,NA,0-2.5mm,NA
313,No_Sample,Flying_Orange_Stinger,Insecta,NA,NA,NA,NA,NA,Insect_Sp.,Class,Unknown,NA,2.5-5mm,NA
314,No_Sample,Pale_Yellow_Leafhopper,Insecta,Hemiptera,NA,NA,NA,NA,Leaf_Hopper_Sp.,Order,Herbivore,NA,2.5-5mm,NA
315,No_Sample,Small_Pale_Fly_2,Insecta,Diptera,NA,NA,NA,NA,Fly_Sp.,Order,Unknown,NA,0-2.5mm,NA
316,No_Sample,Brown_Lacewing,Insecta,Neuroptera,Hemerobiidae,NA,NA,NA,Brown_Lacewing_Sp.,Family,Predator,Active_Hunting,2.5-5mm,NA
317,No_Sample,Green_Lacewing,Insecta,Neuroptera,Chrysopidae,NA,NA,NA,Green_Lacewing_Sp.,Family,Predator,Active_Hunting,2.5-5mm,NA
318,No_Sample,Darker_Cricket,Insecta,Orthoptera,NA,NA,NA,NA,Cricket_Sp.,Order,Herbivore,NA,2.5-5mm,NA
319,No_Sample,Large_Meat_Ant,Insecta,Hymenoptera,Formicidae,Iridomyrmex,NA,NA,Meat_Ant_Sp.,Genus,Omnivore,Active_Hunting,2.5-5mm,NA
320,No_Sample,Tiny_Pale_Fly,Insecta,Diptera,NA,NA,NA,NA,Fly_Sp.,Order,Unknown,NA,0-2.5mm,NA
321,G358,Flea_Beetle_Sp_6,Insecta,Coleoptera,Chrysomelidae,NA,NA,NA,Flea_Beetle_Sp.,Family,Herbivore,NA,0-2.5mm,NA
322,G359,Orbweaver_Long_Teardrop,Arachnida,Araneae,Araneidae,NA,NA,NA,Orbweaver_Sp.,Family,Predator,Web_Building,NA,NA
323,G360,Little_Round_Black_Beetle,Insecta,Coleoptera,NA,NA,NA,NA,Beetle_Sp.,Order,Unknown,NA,2.5-5mm,NA
324,G362,Green_Leafhopper_3,Insecta,Hemiptera,Cicadellidae,NA,NA,NA,Typical_Leafhopper_Sp.,Family,Herbivore,NA,5-10mm,NA
325,G364,Straight-snouted_Weevil_Sp_2,Insecta,Coleoptera,Brentidae,NA,NA,NA,Straight-snouted_Weevil_Sp.,Family,Herbivore,NA,2.5-5mm,"G372, G373"
326,G366,Signal_Flies_Sp.,Insecta,Diptera,Platystomatidae,NA,NA,NA,Signal_Fly_Sp.,Family,Detritivore,NA,2.5-5mm,NA
327,G367,Ant-like_Hemiptera,Insecta,Hemiptera,NA,NA,NA,NA,True_Bug_Sp.,Order,Unknown,NA,2.5-5mm,NA
328,G369,Pale_Spider,Arachnida,Araneae,NA,NA,NA,NA,Spider_Sp.,Order,Predator,Unknown,NA,NA
329,G370,Pale_Brown_Grasshopper,Insecta,Orthoptera,NA,NA,NA,NA,Grasshopper_Sp.,Order,Herbivore,NA,>10mm,NA
330,G371,Pale_Grasshopper,Insecta,Orthoptera,NA,NA,NA,NA,Grasshopper_Sp.,Order,Herbivore,NA,5-10mm,NA
331,G374,Long_Lepidoptera_Looper,Insecta,Lepidoptera,NA,NA,NA,NA,Lepidoptera_Sp.,Order,Herbivore,NA,>10mm,NA
332,G375,Stripe_Down_Back_Grasshopper,Insecta,Orthoptera,NA,NA,NA,NA,Grasshopper_Sp.,Order,Herbivore,NA,5-10mm,NA
333,No_Sample,Little_Dark_Brown_Leafhopper,Insecta,Hemiptera,NA,NA,NA,NA,Leaf_Hopper_Sp.,Order,Herbivore,NA,0-2.5mm,NA
334,No_Sample,Large_Mottled_Brown_Leafhopper,Insecta,Hemiptera,NA,NA,NA,NA,Leaf_Hopper_Sp.,Order,Herbivore,NA,2.5-5mm,NA
335,No_Sample,Pale_Small_Leafhopper,Insecta,Hemiptera,NA,NA,NA,NA,Leaf_Hopper_Sp.,Order,Herbivore,NA,0-2.5mm,NA
336,No_Sample,Pale_Moth_2,Insecta,Lepidoptera,NA,NA,NA,NA,Moth_Sp.,Order,Herbivore,NA,2.5-5mm,NA
337,No_Sample,Large_Black_Spider,Arachnida,Araneae,NA,NA,NA,NA,Spider_Sp.,Order,Predator,NA,NA,NA
