Property,Point,Morphospecies,Stage,Obs_ID,Notes
22,P22_P3,Trig_Sp.,Adult,1,
22,P22_P3,Green_Mirid,Adult,2,
22,P22_P3,Green_Mirid,Adult,3,
22,P22_P3,Green_Mirid,Adult,4,
22,P22_P3,Unknown_Midge,Adult,5,
22,P22_P3,Unknown_Midge,Adult,6,
22,P22_P3,Unknown_Midge,Adult,7,
22,P22_P3,Unknown_Midge,Adult,8,
22,P22_P3,Unknown_Midge,Adult,9,
22,P22_P3,Black_Long-legged_Fly,Adult,10,
22,P22_P3,Black_Long-legged_Fly,Adult,11,
22,P22_P3,Black_Long-legged_Fly,Adult,12,
22,P22_P3,Tiny_Green_Typical_Leafhopper,Nymph,13,
22,P22_P4,Green_Mirid,Adult,14,
22,P22_P4,Tiny_Typical_Leafhopper,Nymph,15,
22,P22_P4,Tiny_Typical_Leafhopper,Nymph,16,
22,P22_P4,Tiny_Typical_Leafhopper,Nymph,17,
22,P22_P4,Green-Head_Ant,Adult,18,
22,P22_P4,Striped_Brown_Typical_Leafhopper,Adult,19,
22,P22_P4,Striped_Brown_Typical_Leafhopper,Adult,20,
22,P22_P1,Black_Long-legged_Fly,Adult,21,
22,P22_P1,Black_Long-legged_Fly,Adult,22,
22,P22_P1,Black_Long-legged_Fly,Adult,23,
22,P22_P1,Brown_Typical_Leafhopper,Adult,24,
22,P22_P1,Green_Mirid,Adult,25,
22,P22_P1,Christmas_Jewel_Spider,Adult,26,
22,P22_P1,Unknown_Midge,Adult,27,
22,P22_P2,Black_Long-legged_Fly,Adult,28,
22,P22_P2,Unknown_Midge,Adult,29,
22,P22_P2,Non-biting_Midge_1,Adult,30,
22,P22_P2,Non-biting_Midge_1,Adult,31,
22,P22_P2,Small_Pale_Hemiptera,Adult,32,
22,P22_P2,Tiny_Pale_Hemiptera,Adult,33,
22,P22_P2,Tiny_Pale_Hemiptera,Adult,34,
22,P22_P2,Minute_Brown_Scavenger_Beetle,Adult,35,
22,P22_P2,Brown_Typical_Leafhopper,Adult,36,
22,P22_P6,Black_Long-legged_Fly,Adult,37,
22,P22_P6,Unknown_Midge,Adult,38,
22,P22_P6,Unknown_Midge,Adult,39,
22,P22_P6,Unknown_Midge,Adult,40,
22,P22_P6,Green_Mirid,Adult,41,
22,P22_P6,Brown_Typical_Leafhopper,Adult,42,
22,P22_P6,Brown_Typical_Leafhopper,Adult,43,
22,P22_P6,Brown_Typical_Leafhopper,Adult,44,
22,P22_P6,Small_Pale_Hemiptera,Adult,45,
22,P22_P6,Black_Wasp_Yellow_Ab,Adult,46,
22,P22_P6,Small_Pale_Grasshopper,Adult,47,
22,P22_P6,Lean_Lynx_Spider,Adult,48,
22,P22_P5,Small_Pale_Hemiptera,Adult,49,
22,P22_P5,Green_Mirid,Adult,50,
22,P22_P5,Green_Mirid,Adult,51,
22,P22_P5,Black_Long-legged_Fly,Adult,52,
22,P22_P5,Unknown_Midge,Adult,53,
22,P22_P5,Unknown_Midge,Adult,54,
22,P22_P5,Unknown_Midge,Adult,55,
22,P22_P5,Striped_Brown_Typical_Leafhopper,Adult,56,
22,P22_P5,Tiny_Pale_Hemiptera,Adult,57,
22,P22_P5,Fly_Dent_Wing,Adult,58,
22,P22_P5,Fly_Dent_Wing,Adult,59,
22,P22_P5,Fly_Dent_Wing,Adult,60,
22,P22_P5,Fly_Dent_Wing,Adult,61,
22,P22_P5,Fly_Dent_Wing,Adult,62,
22,P22_P5,Green_Mirid,Adult,63,
22,P22_P5,Aphid_Black-Green,Adult,64,
29,P29_P6,Whip_Spider,Adult,65,
29,P29_P6,Small_Dark_Grasshopper,Adult,66,
29,P29_P6,Non-biting_Midge_2,Adult,67,
29,P29_P6,Red_Eyed_Leaf_Hopper,Adult,68,
29,P29_P6,Grass_Lynx_1,Adult,69,
29,P29_P6,Pale_Brown_Spittlebug,Adult,70,
29,P29_P3,Brown_Katydid,Adult,71,
29,P29_P3,Trig_Sp_2,Adult,72,
29,P29_P3,Pale_Brown_Spittlebug,Adult,73,
29,P29_P3,Brown_Typical_Leafhopper_2,Adult,74,
29,P29_P3,Brown_Typical_Leafhopper_2,Adult,75,
29,P29_P3,Brown_Typical_Leafhopper_2,Adult,76,
29,P29_P3,Brown_Typical_Leafhopper_2,Adult,77,
29,P29_P3,Brown_Typical_Leafhopper_2,Adult,78,
29,P29_P3,Lean_Lynx_Spider,Adult,79,
29,P29_P3,Macrosiphum_Aphid,Adult,80,
29,P29_P3,Macrosiphum_Aphid,Adult,81,
29,P29_P3,Lean_Lynx_Spider,Adult,82,
29,P29_P3,Fly_Unknown,Adult,83,
29,P29_P3,Fly_Unknown_2,Adult,84,
29,P29_P3,Brown_Flatid_Planthopper,Adult,85,
29,P29_P4,Small_Black_Hemi,Adult,86,
29,P29_P4,Small_Black_Hemi,Adult,87,
29,P29_P4,Small_Black_Hemi,Adult,88,
29,P29_P4,Small_Black_Hemi,Adult,89,
29,P29_P4,Small_Black_Hemi,Adult,90,
29,P29_P4,Small_Black_Hemi,Adult,91,
29,P29_P4,Small_Black_Hemi,Adult,92,
29,P29_P4,Small_Black_Hemi,Adult,93,
29,P29_P4,Small_Black_Hemi,Adult,94,
29,P29_P4,Small_Black_Hemi,Adult,95,
29,P29_P4,Small_Black_Hemi,Adult,96,
29,P29_P4,Small_Black_Hemi,Adult,97,
29,P29_P4,Small_Black_Hemi,Adult,98,
29,P29_P4,Small_Black_Hemi,Adult,99,
29,P29_P4,Small_Black_Hemi,Adult,100,
29,P29_P4,Small_Black_Hemi,Adult,101,
29,P29_P4,Small_Black_Hemi,Adult,102,
29,P29_P4,Small_Black_Hemi,Adult,103,
29,P29_P4,Small_Black_Hemi,Adult,104,
29,P29_P4,Small_Black_Hemi,Adult,105,
29,P29_P4,Small_Black_Hemi,Adult,106,
29,P29_P4,Small_Black_Hemi,Adult,107,
29,P29_P4,Small_Black_Hemi,Adult,108,
29,P29_P4,Small_Black_Hemi,Adult,109,
29,P29_P4,Small_Black_Hemi,Adult,110,
29,P29_P4,Small_Black_Hemi,Adult,111,
29,P29_P4,Small_Black_Hemi,Adult,112,
29,P29_P4,Small_Black_Hemi,Adult,113,
29,P29_P4,Small_Black_Hemi,Adult,114,
29,P29_P4,Small_Black_Hemi,Adult,115,
29,P29_P4,Crab_Spider_Long_Legs,Adult,116,
29,P29_P4,Striped_Head_Dwarf,Adult,117,
29,P29_P4,Fly_Pale_Under_Abdomen,Adult,118,
29,P29_P4,Black_Stripe_Abdomen_Spider,Adult,119,
29,P29_P4,Black_Stripe_Abdomen_Spider,Adult,120,
29,P29_P4,Pale_Thin_Hemiptera,Adult,121,
29,P29_P4,Pale_Thin_Hemiptera,Adult,122,
29,P29_P4,Pale_Thin_Hemiptera,Adult,123,
29,P29_P4,Pale_Thin_Hemiptera,Adult,124,
29,P29_P4,Fly_Unknown_3,Adult,125,
29,P29_P5,Dark_Brown_Mantis,Adult,126,
29,P29_P5,Torpedo_Bug,Adult,127,
29,P29_P5,Large_Brown_Grasshopper,Adult,128,
29,P29_P5,Brown_Katydid,Adult,129,
29,P29_P5,Small_Dark_Grasshopper,Adult,130,
29,P29_P5,Striped_Head_Dwarf,Adult,131,
29,P29_P2,Small_Pale_Brown_Moth,Adult,132,
29,P29_P2,Fly_Unknown_4,Adult,133,
29,P29_P2,Aphid_Green,Adult,134,
29,P29_P2,Small_Fluorescent_Spider,Adult,135,
29,P29_P2,Crab_Spider_Brown,Adult,136,
29,P29_P2,Crab_Spider_Fluorescent,Adult,137,
29,P29_P1,Tyrant_Ant_Sp_2,Adult,138,
29,P29_P1,Non-biting_Midge_1,Adult,139,
29,P29_P1,Fly_with_Yellow_on_Ab,Adult,140,
29,P29_P1,Fly_with_Yellow_on_Ab,Adult,141,
29,P29_P1,Fly_with_Yellow_on_Ab,Adult,142,
29,P29_P1,Fly_with_Yellow_on_Ab,Adult,143,
29,P29_P1,Black_Mosquito_2,Adult,144,
29,P29_P1,Fly_Unknown_4,Adult,145,
23,P23_P2,Red_Arachnida,Adult,146,
23,P23_P2,Trig_Sp_3,Adult,147,
23,P23_P2,Insect_Larva,Nymph,148,
23,P23_P2,Green_Mirid,Adult,149,
23,P23_P2,Minute_Brown_Scavenger_Beetle,Adult,150,
23,P23_P2,Little_Brown_Fly,Adult,151,
23,P23_P2,Brown_Hemiptera,Adult,152,
23,P23_P2,Brown_Hemiptera,Adult,153,
23,P23_P5,Brown_Typical_Leafhopper_2,Adult,154,
23,P23_P5,Brown_Typical_Leafhopper_2,Adult,155,
23,P23_P5,Orbweaver_Brown_9,Adult,156,
23,P23_P5,Pale_Brown_Moth_3,Adult,157,
23,P23_P5,Brown_Insect,Adult,158,
23,P23_P3,Brown_Typical_Leafhopper_2,Adult,159,
23,P23_P3,Brown_Typical_Leafhopper_2,Adult,160,
23,P23_P3,Brown_Typical_Leafhopper_2,Adult,161,
23,P23_P3,Brown_Typical_Leafhopper_2,Adult,162,
23,P23_P3,Brown_Typical_Leafhopper_2,Adult,163,
23,P23_P3,Brown_Typical_Leafhopper_2,Adult,164,
23,P23_P3,Brown_Typical_Leafhopper_2,Adult,165,
23,P23_P3,Tiny_Typical_Leafhopper_3,Nymph,166,
23,P23_P3,Sheet_Dwarf_Sp.,Adult,167,
23,P23_P3,Tiny_Typical_Leafhopper_2,Adult,168,
23,P23_P3,Black_Winged_Insect,Adult,169,
23,P23_P3,Midge_Sp.,Adult,170,
23,P23_P3,Brown_Orbweaver,Adult,171,
23,P23_P3,Minute_Brown_Scavenger_Beetle,Adult,172,
23,P23_P3,Minute_Brown_Scavenger_Beetle,Adult,173,
23,P23_P1,Black_Fly_Small_Unknown,Adult,174,
23,P23_P1,Black_Fly_Small_Unknown,Adult,175,
23,P23_P1,Black_Fly_Small_Unknown,Adult,176,
23,P23_P1,Black_Fly_Small_Unknown,Adult,177,
23,P23_P1,Bright_Green_Leafhopper_2,Adult,178,
23,P23_P1,Bright_Green_Leafhopper_2,Adult,179,
23,P23_P1,Bright_Green_Leafhopper_2,Adult,180,
23,P23_P1,Mosquito_Sp_2,Adult,181,
23,P23_P1,Braconid_Wasp_Sp.,Adult,182,
23,P23_P4,Brown_Typical_Leafhopper_2,Adult,183,
23,P23_P4,Orbweaver_Black_White,Adult,184,
23,P23_P4,Small_Lepidoptera_Looper_3 ,Nymph,185,
23,P23_P4,Orbweaver_Black_White,Adult,186,
23,P23_P4,Small_Black_Fly_3,Adult,187,
23,P23_P4,Small_Brown_Hemiptera,Adult,188,
23,P23_P4,Dark_Brown_Leafhopper,Adult,189,
23,P23_P4,Dark_Brown_Leafhopper,Adult,190,
23,P23_P4,Dark_Brown_Leafhopper,Adult,191,
23,P23_P6,Lean_Lynx_Spider,Adult,192,
23,P23_P6,Brown_Orbweaver_2,Adult,193,
23,P23_P6,Whip_Spider,Adult,194,
23,P23_P6,Small_Lepidoptera_Caterpillar,Nymph,195,
23,P23_P6,Grass_Lynx_2,Adult,196,
23,P23_P6,Torpedo_Bug,Nymph,197,
57,P57_P2,Small_Black_Ant,Adult,198,
57,P57_P2,Black_Mosquito_1,Adult,199,
57,P57_P2,Orange_Aphid,Adult,200,
57,P57_P2,Orange_Aphid,Adult,201,
57,P57_P2,Orange_Aphid,Adult,202,
57,P57_P2,False_Chinch_Bug_Sp.,Adult,203,
57,P57_P2,Small_Black_Wasp,Adult,204,
57,P57_P2,Small_Black_Wasp,Adult,205,
57,P57_P2,Orange_Aphid ,Adult,206,
57,P57_P2,Mottled_Brown_Leafhopper,Adult,207,
57,P57_P5,Typical_Treehopper,Adult,208,
57,P57_P5,Black_Hemiptera_2,Adult,209,
57,P57_P5,Orange_Aphid,Adult,210,
57,P57_P4,Tumbling_Flower_Beetle,Adult,211,
57,P57_P4,Small_Black_Ant,Adult,212,
57,P57_P4,Orbweaver_Black_White,Adult,213,
57,P57_P4,Orbweaver_Black_White,Adult,214,
57,P57_P4,Non-biting_Midge_3,Adult,215,
57,P57_P4,Minute_Brown_Scavenger_Beetle ,Adult,216,
57,P57_P4,Minute_Brown_Scavenger_Beetle ,Adult,217,
57,P57_P4,Fly_Unknown_6,Adult,218,
57,P57_P4,Black_Hemiptera,Adult,219,
57,P57_P4,Hemiptera_Thin_Grey_Wings,Adult,220,
57,P57_P6,Minute_Brown_Scavenger_Beetle ,Adult,221,
57,P57_P6,Unknown_Ladybug,Adult,222,
57,P57_P6,Small_Black_Ant,Adult,223,
57,P57_P6,Trig_Sp_4,Adult,224,
57,P57_P6,Small_Black_Ant,Adult,225,
57,P57_P6,Small_Black_Ant,Adult,226,
57,P57_P6,Small_Black_Ant,Adult,227,
57,P57_P6,Small_Black_Ant,Adult,228,
57,P57_P6,Small_Black_Ant,Adult,229,
57,P57_P6,Little_Brown_Fly_4,Adult,230,
57,P57_P6,Flea_Beetle_Sp_1,Adult,231,
57,P57_P6,Bright_Green_Leafhopper_2,Adult,232,
57,P57_P6,Large_Black_Orange_Wasp,Adult,233,
57,P57_P1,Small_Black_Wasp_2,Adult,234,
57,P57_P1,Flea_Beetle_Sp_2,Adult,235,
57,P57_P1,Transverse_Ladybug,Adult,236,
57,P57_P1,Brown_Orbweaver_3,Adult,237,
57,P57_P1,Small_Black_Wasp_3,Adult,238,
57,P57_P1,Minute_Brown_Scavenger_Beetle,Adult,239,
12,P12_P4,Orange_Leg_Small_Fly,Adult,240,
12,P12_P4,Orange_Leg_Small_Fly,Adult,241,
12,P12_P4,Fruit_Fly_Sp.,Adult,242,
12,P12_P4,Pale_Two_Line_Leaf_Hop,Nymph,243,
12,P12_P4,Dark_Brown_Leafhopper_2,Adult,244,
12,P12_P4,Fruit_Fly_Sp_2,Adult,245,
12,P12_P4,Orange_Aphid,Adult,246,
12,P12_P2,Pale_Two_Line_Leaf_Hop,Nymph,247,
12,P12_P2,Black-brown_Ant,Adult,248,
12,P12_P2,Black-brown_Ant,Adult,249,
12,P12_P6,Pale_Two_Line_Leaf_Hop,Nymph,250,
12,P12_P6,Pale_Two_Line_Leaf_Hop,Nymph,251,
12,P12_P6,Pale_Two_Line_Leaf_Hop,Nymph,252,
12,P12_P6,Orange_Wasp,Adult,253,
12,P12_P6,Black_Hemiptera_3,Adult,254,
12,P12_P6,Black_Wasp_2,Adult,255,
12,P12_P6,Tiny_Pale_Hemiptera_2,Adult,256,
12,P12_P6,Psylloid_Sp.,Adult,257,
12,P12_P6,Dark_Small_Leafhopper,Adult,258,
12,P12_P6,Dark_Small_Leafhopper,Adult,259,
12,P12_P1,Grass_Lynx_3,Adult,260,
12,P12_P1,Black_Wasp_2,Adult,261,
12,P12_P1,Blow_Fly_Sp_2,Adult,262,
12,P12_P1,Pale_Brown_Moth_4,Adult,263,
12,P12_P1,Tiny_Black_Fly_2,Adult,264,
12,P12_P1,Tyrant_Ant_Sp.,Adult,265,
12,P12_P1,Brown_Beetle,Adult,266,
12,P12_P3,Brown_Beetle,Adult,267,
12,P12_P3,Brown_Beetle,Adult,268,
12,P12_P3,Spotted_Amber_Ladybird,Adult,269,
12,P12_P3,Aphid_Green_2,Adult,270,
12,P12_P3,Aphid_Green_2,Adult,271,
12,P12_P3,Small_Brown_Ant_2,Adult,272,
12,P12_P3,Small_Brown_Ant_2,Adult,273,
12,P12_P3,Green_Mirid,Adult,274,
12,P12_P3,Green_Mirid,Adult,275,
12,P12_P3,Small_Black_Ant,Adult,276,
12,P12_P3,Small_Black_Ant,Adult,277,
12,P12_P3,Small_Black_Ant,Adult,278,
12,P12_P3,Small_Black_Ant,Adult,279,
12,P12_P3,Small_Black_Ant,Adult,280,
12,P12_P3,Trig_Sp_5,Adult,281,
12,P12_P3,Aphid_Black,Adult,282,
12,P12_P3,Aphid_Black,Adult,283,
12,P12_P3,Aphid_Black_2,Adult,284,
12,P12_P3,Kangaroo_Tick,Nymph,285,
12,P12_P3,Kangaroo_Tick,Nymph,286,
12,P12_P3,Kangaroo_Tick,Nymph,287,
12,P12_P3,Green_Aphid_2,Adult,288,
12,P12_P3,Fly_With_Wings_Out_Wide,Adult,289,
12,P12_P5,Kangaroo_Tick,Nymph,290,
12,P12_P5,Kangaroo_Tick,Nymph,291,
12,P12_P5,Jumping_Spider,Adult,292,
12,P12_P5,Black_Beetle,Adult,293,
12,P12_P5,Black-brown_Ant_3,Adult,294,
12,P12_P5,Tiny_Pale_Hemiptera_2,Adult,295,
12,P12_P5,Ant_Unknown,Adult,296,
12,P12_P5,Dark_Moth,Adult,297,
26,P26_P2,Small_Pale_Spider,Adult,298,
26,P26_P2,Damsel_Bug_Sp.,Adult,299,
26,P26_P2,Tiny_Typical_Leafhopper_4,Nymph,300,
26,P26_P2,Brown_Orbweaver_4,Adult,301,
26,P26_P2,Aphid_Black,Adult,302,
26,P26_P2,Pale_Brown_Fly,Adult,303,
26,P26_P2,Pale_Brown_Fly,Adult,304,
26,P26_P6,Pointy_Runcina,Adult,305,
26,P26_P6,Dark_Leaf_Hop,Adult,306,
26,P26_P6,Tiny_Hemiptera,Adult,307,
26,P26_P6,Fruit_Fly_Sp.,Adult,308,
26,P26_P6,Small_Black_Green_Fly,Adult,309,
26,P26_P6,Black_Hemiptera_4,Adult,310,
26,P26_P6,Black_Hemiptera_4,Adult,311,
26,P26_P6,Black_Hemiptera_4,Adult,312,
26,P26_P6,Light_Brown_Hemiptera,Adult,313,
26,P26_P6,Small_Pale_Hemiptera_2,Adult,314,
26,P26_P6,Orbweaver_Brown,Adult,315,
26,P26_P6,Fruit_Fly_Sp_3,Adult,316,
26,P26_P6,Orbweaver_Brown_9,Adult,317,
26,P26_P6,Rhino_Moth,Adult,318,
26,P26_P6,Brown_Insect,Adult,319,
26,P26_P6,Little_Brown_Fly_2,Adult,320,
26,P26_P6,Rove_Beetle,Adult,321,
26,P26_P6,Pale_Brown_Leafhopper,Adult,322,
26,P26_P6,Pale_Brown_Leafhopper,Adult,323,
26,P26_P6,Moth_Unknown,Adult,324,
26,P26_P4,Dark_Leaf_Hop,Adult,325,
26,P26_P4,Dark_Leaf_Hop,Adult,326,
26,P26_P4,Fruit_Fly_Sp.,Adult,327,
26,P26_P4,Fruit_Fly_Sp.,Adult,328,
26,P26_P4,Fruit_Fly_Sp.,Adult,329,
26,P26_P4,Fruit_Fly_Sp.,Adult,330,
26,P26_P4,Fruit_Fly_Sp_4,Adult,331,
26,P26_P4,Fruit_Fly_Sp_4,Adult,332,
26,P26_P4,Fruit_Fly_Sp_4,Adult,333,
26,P26_P4,Fruit_Fly_Sp_4,Adult,334,
26,P26_P4,Fruit_Fly_Sp_4,Adult,335,
26,P26_P4,Little_Black_Fly,Adult,336,
26,P26_P4,Little_Black_Fly,Adult,337,
26,P26_P4,Red_Imported_Fire_Ant,Adult,338,
26,P26_P4,Red_Imported_Fire_Ant,Adult,339,
26,P26_P4,Black-brown_Ant_2,Adult,340,
26,P26_P4,Aphid_Red_Legs,Adult,341,
26,P26_P4,Fruit_Fly_Sp_4,Adult,342,
26,P26_P4,Fruit_Fly_Sp_4,Adult,343,
26,P26_P4,Fruit_Fly_Sp_4,Adult,344,
26,P26_P4,Green_Mirid,Adult,345,
26,P26_P4,Green_Mirid,Adult,346,
26,P26_P4,Green_Mirid,Adult,347,
26,P26_P4,Green_Mirid,Adult,348,
26,P26_P4,Green_Mirid,Adult,349,
26,P26_P4,Green_Mirid,Adult,350,
26,P26_P4,Green_Mirid,Adult,351,
26,P26_P5,Whitefly,Adult,352,
26,P26_P5,Black_Beetle,Adult,353,
26,P26_P5,Small_Black_Fly,Adult,354,
26,P26_P5,Small_Black_Fly,Adult,355,
26,P26_P5,Non-biting_Midge_4,Adult,356,
26,P26_P5,Tumbling_Flower_Beetle_2,Adult,357,
26,P26_P5,Striped_Ladybug,Adult,358,
26,P26_P5,Striped_Ladybug,Adult,359,
26,P26_P5,Striped_Ladybug,Adult,360,
26,P26_P5,Striped_Ladybug,Adult,361,
26,P26_P5,Striped_Ladybug,Adult,362,
26,P26_P5,Green_Leafhopper_2,Adult,363,
26,P26_P5,Green_Leafhopper_2,Adult,364,
26,P26_P5,Rove_Beetle_2,Adult,365,
26,P26_P5,Rove_Beetle_2,Adult,366,
26,P26_P5,Pale_Brown_Leafhopper,Adult,367,
26,P26_P5,Pale_Brown_Leafhopper,Adult,368,
26,P26_P5,Pale_Brown_Leafhopper,Adult,369,
26,P26_P5,Pale_Brown_Leafhopper,Adult,370,
26,P26_P5,Pale_Brown_Leafhopper,Adult,371,
26,P26_P5,Pale_Brown_Leafhopper,Adult,372,
26,P26_P3,Black-brown_Ant,Adult,373,
26,P26_P3,Black-brown_Ant,Adult,374,
26,P26_P3,Black-brown_Ant,Adult,375,
26,P26_P3,Black-brown_Ant,Adult,376,
26,P26_P3,Small_Black_Fly,Adult,377,
26,P26_P3,Small_Black_Fly,Adult,378,
26,P26_P3,Black_Beetle,Adult,379,
26,P26_P3,Pale_Brown_Leafhopper,Adult,380,
26,P26_P3,Green_Leafhopper_2,Adult,381,
26,P26_P3,Flea_Beetle_Sp_2,Adult,382,
26,P26_P3,Black_Orange_Large_Insect,Adult,383,
26,P26_P1,Orbweaver_Brown_9,Adult,384,
26,P26_P1,Orbweaver_Brown_9,Adult,385,
26,P26_P1,Orbweaver_Brown_2,Adult,386,
26,P26_P1,Kangaroo_Tick,Nymph,387,
26,P26_P1,Tiny_Pale_Hemiptera_3,Adult,388,
26,P26_P1,Small_Black_Wasp,Adult,389,
26,P26_P1,Small_Black_Wasp,Adult,390,
26,P26_P1,Long_Small_Hemiptera,Adult,391,
26,P26_P1,Long_Small_Hemiptera,Adult,392,
56,P56_P6,Tree_Cricket_Sp.,Adult,393,
56,P56_P6,Black_Fly_Small,Adult,394,
56,P56_P6,Black_Fly_Small,Adult,395,
56,P56_P6,Black_Fly_Small,Adult,396,
56,P56_P6,Black_Fly_Small,Adult,397,
56,P56_P6,Black_Fly_Small,Adult,398,
56,P56_P6,Black_Fly_Small,Adult,399,
56,P56_P6,Black_Fly_Small,Adult,400,
56,P56_P6,Black_Fly_Small,Adult,401,
56,P56_P6,Black_Fly_Small,Adult,402,
56,P56_P6,Black_Fly_Small,Adult,403,
56,P56_P6,Small_Black_Ant,Adult,404,
56,P56_P6,Pale_Brown_Leafhopper,Adult,405,
56,P56_P6,Typical_Treehopper,Adult,406,
56,P56_P6,Jumping_Spider_2,Adult,407,
56,P56_P6,Kangaroo_Tick,Nymph,408,
56,P56_P6,Kangaroo_Tick,Nymph,409,
56,P56_P6,Kangaroo_Tick,Nymph,410,
56,P56_P6,Black_Long_Antenna_Beetle,Adult,411,
56,P56_P6,Black_Long_Antenna_Beetle,Adult,412,
56,P56_P6,Coleoptera_Larvae_2,Adult,413,
56,P56_P6,Small_Black_Wasp_4,Adult,414,
56,P56_P6,Small_Black_Wasp_4,Adult,415,
56,P56_P6,Small_Black_Wasp_4,Adult,416,
56,P56_P6,Small_Black_Wasp_4,Adult,417,
56,P56_P6,Small_Black_Wasp_4,Adult,418,
56,P56_P6,Small_Black_Wasp_4,Adult,419,
56,P56_P6,Small_Black_Wasp_4,Adult,420,
56,P56_P6,Fly_Pale_Under_Abdomen,Adult,421,
56,P56_P2,Black_Fly_Small,Adult,422,
56,P56_P2,Kangaroo_Tick,Nymph,423,
56,P56_P2,Aphid_Black_3,Adult,424,
56,P56_P2,Aphid_Black_3,Adult,425,
56,P56_P2,Small_Brown_Beetle_2,Adult,426,
56,P56_P2,Black_Fly,Adult,427,
56,P56_P2,Black_Fly,Adult,428,
56,P56_P2,Black-brown_Ant_3,Adult,429,
56,P56_P2,Black-brown_Ant_3,Adult,430,
56,P56_P2,Pale_Brown_Leafhopper,Adult,431,
56,P56_P2,Pale_Brown_Leafhopper,Adult,432,
56,P56_P2,Pale_Brown_Leafhopper,Adult,433,
56,P56_P2,Pale_Brown_Leafhopper,Adult,434,
56,P56_P2,Small_Black_Wasp_4,Adult,435,
56,P56_P2,Small_Black_Wasp_4,Adult,436,
56,P56_P2,Small_Black_Wasp_4,Adult,437,
56,P56_P2,Small_Black_Wasp_4,Adult,438,
56,P56_P2,Small_Black_Wasp_4,Adult,439,
56,P56_P2,Small_Black_Wasp_4,Adult,440,
56,P56_P2,Pale_Brown_Moth,Adult,441,
56,P56_P1,Pale_Brown_Leafhopper,Adult,442,
56,P56_P1,Kangaroo_Tick,Nymph,443,
56,P56_P1,Kangaroo_Tick,Nymph,444,
56,P56_P1,Black_Fly_Small,Adult,445,
56,P56_P1,Green_Mirid,Adult,446,
56,P56_P1,Green_Mirid_DUP?4,Adult,447,
56,P56_P1,Green_Mirid_DUP?5,Adult,448,
56,P56_P1,Tiny_Typical_Leafhopper_7,Adult,449,
56,P56_P1,Jumping_Spider_3,Adult,450,
56,P56_P1,False_Chinch_Bug_Sp_3,Adult,451,
56,P56_P1,Green_Aphid_2,Adult,452,
56,P56_P3,Folding_Bug,Adult,453,
56,P56_P3,Green_Mirid,Adult,454,
56,P56_P3,Typical_Treehopper,Adult,455,
56,P56_P3,Small_Black_Ant,Adult,456,
56,P56_P3,Small_Black_Ant,Adult,457,
56,P56_P3,Small_Black_Ant,Adult,458,
56,P56_P3,Minute_Brown_Scavenger_Beetle,Adult,459,
56,P56_P3,Longlegged_Sac_Spider,Adult,460,
56,P56_P3,Primitive_Weevil_Sp,Adult,461,
56,P56_P5,Green_Mirid,Adult,462,
56,P56_P5,Small_Black_Wasp_4,Adult,463,
56,P56_P5,Small_Black_Wasp_4,Adult,464,
56,P56_P5,Small_Black_Wasp_4,Adult,465,
56,P56_P5,Small_Black_Wasp_4,Adult,466,
56,P56_P5,Small_Black_Wasp_4,Adult,467,
56,P56_P5,Small_Black_Wasp_4,Adult,468,
56,P56_P5,Kangaroo_Tick,Nymph,469,
56,P56_P5,Kangaroo_Tick,Nymph,470,
56,P56_P5,Kangaroo_Tick,Nymph,471,
56,P56_P5,Green_Aphid_2,Adult,472,
56,P56_P5,Green_Aphid_2,Adult,473,
56,P56_P5,Small_Brown_Grasshopper,Adult,474,
56,P56_P5,False_Chinch_Bug_Sp_2,Adult,475,
56,P56_P5,False_Chinch_Bug_Sp_2,Adult,476,
56,P56_P5,Typical_Treehopper,Adult,477,
56,P56_P5,Black_Large_Hemiptera,Adult,478,
56,P56_P4,Kangaroo_Tick,Nymph,479,
56,P56_P4,Small_Black_Wasp_4,Adult,480,
56,P56_P4,Small_Black_Wasp_4,Adult,481,
56,P56_P4,Black-brown_Ant,Adult,482,
56,P56_P4,Black-brown_Ant,Adult,483,
56,P56_P4,Black-brown_Ant,Adult,484,
56,P56_P4,Black-brown_Ant,Adult,485,
56,P56_P4,Black-brown_Ant,Adult,486,
56,P56_P4,Trig_Sp_6,Adult,487,
56,P56_P4,Longlegged_Sac_Spider,Adult,488,
56,P56_P4,Trig_Sp.,Adult,489,
56,P56_P4,Small_Pale_Grasshopper_2,Adult,490,
56,P56_P4,Mosquito_Sp.,Adult,491,
56,P56_P4,Mosquito_Sp.,Adult,492,
42,P42_P3,Black-brown_Ant,Adult,493,
42,P42_P3,Tiny_Typical_Leafhopper_4,Nymph,494,
42,P42_P3,Typical_Treehopper,Adult,495,
42,P42_P3,White_Fruit_Fly,Adult,496,
42,P42_P3,White_Fruit_Fly,Adult,497,
42,P42_P3,White_Fruit_Fly,Adult,498,
42,P42_P3,White_Fruit_Fly,Adult,499,
42,P42_P3,White_Fruit_Fly,Adult,500,
42,P42_P3,White_Fruit_Fly,Adult,501,
42,P42_P3,White_Fruit_Fly,Adult,502,
42,P42_P3,Fruit_Fly_Sp.,Adult,503,
42,P42_P3,Orange_Leg_Cricket,Adult,504,
42,P42_P1,White_Fruit_Fly,Adult,505,
42,P42_P1,White_Fruit_Fly,Adult,506,
42,P42_P1,White_Fruit_Fly,Adult,507,
42,P42_P1,White_Fruit_Fly,Adult,508,
42,P42_P1,White_Fruit_Fly,Adult,509,
42,P42_P1,White_Fruit_Fly,Adult,510,
42,P42_P1,White_Fruit_Fly,Adult,511,
42,P42_P1,White_Fruit_Fly,Adult,512,
42,P42_P1,White_Fruit_Fly,Adult,513,
42,P42_P1,White_Fruit_Fly,Adult,514,
42,P42_P1,White_Fruit_Fly,Adult,515,
42,P42_P1,White_Fruit_Fly,Adult,516,
42,P42_P1,Fruit_Fly_Sp.,Adult,517,
42,P42_P1,Fruit_Fly_Sp.,Adult,518,
42,P42_P1,Fruit_Fly_Sp.,Adult,519,
42,P42_P1,Fruit_Fly_Sp.,Adult,520,
42,P42_P1,Fruit_Fly_Sp.,Adult,521,
42,P42_P1,Fruit_Fly_Sp.,Adult,522,
42,P42_P1,Fruit_Fly_Sp.,Adult,523,
42,P42_P1,Fruit_Fly_Sp.,Adult,524,
42,P42_P1,Fruit_Fly_Sp.,Adult,525,
42,P42_P1,Kangaroo_Tick,Nymph,526,
42,P42_P1,Kangaroo_Tick,Nymph,527,
42,P42_P1,Kangaroo_Tick,Nymph,528,
42,P42_P1,Kangaroo_Tick,Nymph,529,
42,P42_P1,Kangaroo_Tick,Nymph,530,
42,P42_P1,Kangaroo_Tick,Nymph,531,
42,P42_P1,Kangaroo_Tick,Nymph,532,
42,P42_P1,Kangaroo_Tick,Nymph,533,
42,P42_P1,Blow_Fly_Sp.,Adult,534,
42,P42_P1,Green_Leafhopper,Adult,535,
42,P42_P1,Lynx_Spider_Sp.,Adult,536,
42,P42_P1,White_Fruit_Fly,Adult,537,
42,P42_P1,Straight-snouted_Weevil_Sp.,Adult,538,
42,P42_P1,Black-brown_Ant,Adult,539,
42,P42_P1,Orbweaver_Brown,Adult,540,
42,P42_P4,Black-brown_Ant,Adult,541,
42,P42_P4,Black-brown_Ant,Adult,542,
42,P42_P4,Black-brown_Ant,Adult,543,
42,P42_P4,Fruit_Fly_Sp.,Adult,544,
42,P42_P4,Fruit_Fly_Sp.,Adult,545,
42,P42_P4,Fruit_Fly_Sp.,Adult,546,
42,P42_P4,Fruit_Fly_Sp.,Adult,547,
42,P42_P4,Fruit_Fly_Sp.,Adult,548,
42,P42_P4,Fruit_Fly_Sp.,Adult,549,
42,P42_P4,Fruit_Fly_Sp.,Adult,550,
42,P42_P4,Fruit_Fly_Sp.,Adult,551,
42,P42_P4,White_Fruit_Fly,Adult,552,
42,P42_P4,White_Fruit_Fly,Adult,553,
42,P42_P4,White_Fruit_Fly,Adult,554,
42,P42_P4,White_Fruit_Fly,Adult,555,
42,P42_P4,White_Fruit_Fly,Adult,556,
42,P42_P4,White_Fruit_Fly,Adult,557,
42,P42_P4,White_Fruit_Fly,Adult,558,
42,P42_P4,White_Fruit_Fly,Adult,559,
42,P42_P4,White_Fruit_Fly,Adult,560,
42,P42_P4,White_Fruit_Fly,Adult,561,
42,P42_P4,Large_Black_Fly,Adult,562,
42,P42_P4,Kangaroo_Tick,Nymph,563,
42,P42_P4,Kangaroo_Tick,Nymph,564,
42,P42_P4,Dark_Brown_Leafhopper_3,Nymph,565,
42,P42_P4,Mottled_Brown_Leafhopper,Adult,566,
42,P42_P4,Small_Black_Wasp,Adult,567,
42,P42_P4,Fruit_Fly_Sp_3,Adult,568,
42,P42_P5,White_Fruit_Fly,Adult,569,
42,P42_P5,White_Fruit_Fly,Adult,570,
42,P42_P5,White_Fruit_Fly,Adult,571,
42,P42_P5,White_Fruit_Fly,Adult,572,
42,P42_P5,White_Fruit_Fly,Adult,573,
42,P42_P5,White_Fruit_Fly,Adult,574,
42,P42_P5,White_Fruit_Fly,Adult,575,
42,P42_P5,Fruit_Fly_Sp.,Adult,576,
42,P42_P5,Fruit_Fly_Sp.,Adult,577,
42,P42_P5,Fruit_Fly_Sp.,Adult,578,
42,P42_P5,Kangaroo_Tick,Nymph,579,
42,P42_P5,Tiny_Typical_Leafhopper_5,Nymph,580,
42,P42_P5,Mottled_Brown_Leafhopper,Adult,581,
42,P42_P5,Orbweaver_Brown_2,Adult,582,
42,P42_P5,Small_Black_Wasp_6,Adult,583,
42,P42_P5,Small_Black_Wasp_6,Adult,584,
42,P42_P5,Small_Black_Wasp_6,Adult,585,
42,P42_P5,Flea_Beetle_Sp_3,Adult,586,
42,P42_P5,Flea_Beetle_Sp_3,Adult,587,
42,P42_P5,Flea_Beetle_Sp_3,Adult,588,
42,P42_P5,Flea_Beetle_Sp_3,Adult,589,
42,P42_P5,Longlegged_Sac_Spider,Adult,590,
42,P42_P5,Jumping_Spider_4,Adult,591,
42,P42_P5,Upturned_Abdomen_Leafhopper,Adult,592,
42,P42_P5,Orbweaver_Brown_4,Adult,593,
42,P42_P5,Non-biting_Midge_5,Adult,594,
42,P42_P2,Flea_Beetle_Sp_3,Adult,595,
42,P42_P2,Kangaroo_Tick,Nymph,596,
42,P42_P2,Kangaroo_Tick,Nymph,597,
42,P42_P2,Fly_Unknown_5,Adult,598,
42,P42_P2,White_Fruit_Fly,Adult,599,
42,P42_P2,White_Fruit_Fly,Adult,600,
42,P42_P2,White_Fruit_Fly,Adult,601,
42,P42_P2,White_Fruit_Fly,Adult,602,
42,P42_P2,White_Fruit_Fly,Adult,603,
42,P42_P2,White_Fruit_Fly,Adult,604,
42,P42_P2,White_Fruit_Fly,Adult,605,
42,P42_P2,Tiny_Typical_Leafhopper_4,Adult,606,
42,P42_P2,Orbweaver_Brown_5,Adult,607,
42,P42_P2,Longlegged_Sac_Spider,Adult,608,
42,P42_P2,Orbweaver_Brown_6,Adult,609,
42,P42_P2,Striped_Lepidoptera_Looper,Adult,610,
42,P42_P2,Flea_Beetle_Sp_3,Adult,611,
42,P42_P6,Kangaroo_Tick,Nymph,612,
42,P42_P6,Kangaroo_Tick,Nymph,613,
42,P42_P6,Kangaroo_Tick,Nymph,614,
42,P42_P6,Kangaroo_Tick,Nymph,615,
42,P42_P6,Kangaroo_Tick,Nymph,616,
42,P42_P6,Fruit_Fly_Sp.,Adult,617,
42,P42_P6,Fruit_Fly_Sp.,Adult,618,
42,P42_P6,White_Fruit_Fly,Adult,619,
42,P42_P6,White_Fruit_Fly,Adult,620,
42,P42_P6,White_Fruit_Fly,Adult,621,
42,P42_P6,White_Fruit_Fly,Adult,622,
42,P42_P6,White_Fruit_Fly,Adult,623,
42,P42_P6,White_Fruit_Fly,Adult,624,
42,P42_P6,White_Fruit_Fly,Adult,625,
42,P42_P6,White_Fruit_Fly,Adult,626,
42,P42_P6,White_Fruit_Fly,Adult,627,
42,P42_P6,Pale_Spider_Black_Gloves,Adult,628,
42,P42_P6,Black-brown_Ant,Adult,629,
42,P42_P6,Black-brown_Ant,Adult,630,
42,P42_P6,Black-brown_Ant,Adult,631,
42,P42_P6,Black-brown_Ant,Adult,632,
42,P42_P6,Black-brown_Ant,Adult,633,
42,P42_P6,Flea_Beetle_Sp_3,Adult,634,
42,P42_P6,Flea_Beetle_Sp_3,Adult,635,
42,P42_P6,Large_Green_Grasshopper,Adult,636,
9,P9_P1,Black_Hemiptera_4,Adult,637,
9,P9_P1,Black_Hemiptera_4,Adult,638,
9,P9_P1,Black_Hemiptera_4,Adult,639,
9,P9_P1,Small_Black_Fly_2,Adult,640,
9,P9_P1,Kangaroo_Tick,Nymph,641,
9,P9_P1,Short_Horn_Grasshopper_Sp,Adult,642,
9,P9_P1,Small_Black_Wasp_5,Adult,643,
9,P9_P1,Jumping_Spider,Adult,644,
9,P9_P1,White_Fruit_Fly_2,Adult,645,
9,P9_P1,Pale_Striped_Leafhopper,Adult,646,
9,P9_P1,Small_Black_Ant,Adult,647,
9,P9_P1,Black_Fly_Orange_Legs,Adult,648,
9,P9_P1,Jumping_Spider_5,Adult,649,
9,P9_P1,Lean_Lynx_Spider,Adult,650,
9,P9_P6,Small_Black_Ant,Adult,651,
9,P9_P6,Hemiptera_Nymph_2,Adult,652,
9,P9_P6,Red_Hemiptera_Nymph_2,Adult,653,
9,P9_P6,Sheet_Dwarf_2,Adult,654,
9,P9_P6,Grass_Lynx_3,Adult,655,
9,P9_P6,Black-brown_Ant_4,Adult,656,
9,P9_P6,Tiny_Hemiptera_Red,Adult,657,
9,P9_P3,Small_Pale_Grasshopper_2,Adult,658,
9,P9_P3,Small_Black_Ant,Adult,659,
9,P9_P3,Black_Hemiptera_4,Adult,660,
9,P9_P3,Black_Hemiptera_4,Adult,661,
9,P9_P3,Small_Fly_Unknown,Adult,662,
9,P9_P3,Small_Brown_Grasshopper_2,Adult,663,
9,P9_P3,Wasp_Abdomen_Up,Adult,664,
9,P9_P5,Small_Pale_Grasshopper_2,Adult,665,
9,P9_P5,Black_Hemiptera_3,Adult,666,
9,P9_P5,Black_Hemiptera_3,Adult,667,
9,P9_P5,Small_Pale_Grasshopper_2,Adult,668,
9,P9_P5,Longlegged_Sac_Spider,Adult,669,
9,P9_P5,Orange_Beetle,Adult,670,
9,P9_P5,Red_Hemiptera_Nymph_2,Nymph,671,
9,P9_P5,Red_Hemiptera_Nymph_2,Nymph,672,
9,P9_P5,False_Chinch_Bug_Sp_4,Adult,673,
9,P9_P5,Black-brown_Ant,Adult,674,
9,P9_P5,Black-brown_Ant,Adult,675,
9,P9_P5,Black-brown_Ant,Adult,676,
9,P9_P4,Small_Black_Ant,Adult,677,
9,P9_P4,Small_Black_Ant,Adult,678,
9,P9_P4,Small_Black_Ant,Adult,679,
9,P9_P4,Small_Black_Ant,Adult,680,
9,P9_P4,Small_Black_Ant,Adult,681,
9,P9_P4,Black-brown_Ant,Adult,682,
9,P9_P4,Black-brown_Ant,Adult,683,
9,P9_P4,Black-brown_Ant,Adult,684,
9,P9_P4,Fruit_Fly_Sp.,Adult,685,
9,P9_P4,Rove_Beetle,Adult,686,
9,P9_P4,Tiny_Typical_Leafhopper_7,Nymph,687,
9,P9_P4,Lean_Lynx_Spider,Adult,688,
9,P9_P4,Jumping_Spider_6,Adult,689,
9,P9_P4,Pale_Brown_Leafhopper_2,Adult,690,
9,P9_P2,Lean_Lynx_Spider,Adult,691,
9,P9_P2,Fruit_Fly_Sp.,Adult,692,
9,P9_P2,Fruit_Fly_Sp.,Adult,693,
9,P9_P2,Fruit_Fly_Sp.,Adult,694,
9,P9_P2,Fruit_Fly_Sp.,Adult,695,
9,P9_P2,Fruit_Fly_Sp_3,Adult,696,
9,P9_P2,Fruit_Fly_Sp_3,Adult,697,
9,P9_P2,Small_Black_Ant,Adult,698,
9,P9_P2,Small_Black_Ant,Adult,699,
9,P9_P2,Small_Black_Ant,Adult,700,
9,P9_P2,Orbweaver_Brown_7,Adult,701,
9,P9_P2,Orbweaver_Brown_7,Adult,702,
9,P9_P2,Trig_Sp_4,Adult,703,
9,P9_P2,White_Spider,Adult,704,
9,P9_P2,White_Spider,Adult,705,
9,P9_P2,White_Spider,Adult,706,
9,P9_P2,Lean_Lynx_Spider,Adult,707,
9,P9_P2,Orbweaver_Brown_5,Adult,708,
9,P9_P2,Orbweaver_Brown_5,Adult,709,
9,P9_P2,Orbweaver_Brown_5,Adult,710,
17,P17_P2,Blow_Fly_Sp_2,Adult,711,
17,P17_P2,Pale_Grass_Spider,Adult,712,
17,P17_P2,Kangaroo_Tick,Nymph,713,
17,P17_P2,Kangaroo_Tick,Nymph,714,
17,P17_P2,Kangaroo_Tick,Nymph,715,
17,P17_P2,Kangaroo_Tick,Nymph,716,
17,P17_P2,Kangaroo_Tick,Nymph,717,
17,P17_P2,Kangaroo_Tick,Nymph,718,
17,P17_P2,Kangaroo_Tick,Nymph,719,
17,P17_P2,Kangaroo_Tick,Nymph,720,
17,P17_P2,Kangaroo_Tick,Nymph,721,
17,P17_P2,Kangaroo_Tick,Nymph,722,
17,P17_P2,Kangaroo_Tick,Nymph,723,
17,P17_P2,Kangaroo_Tick,Nymph,724,
17,P17_P2,Kangaroo_Tick,Nymph,725,
17,P17_P2,Kangaroo_Tick,Adult,726,
17,P17_P2,Small_Lepidoptera_Looper ,Nymph,727,
17,P17_P2,Small_Black_Fly_4,Adult,728,
17,P17_P1,Dark_Brown_Leafhopper_Small,Adult,729,
17,P17_P1,Blow_Fly_Sp_2,Adult,730,
17,P17_P1,Blow_Fly_Sp_2,Adult,731,
17,P17_P1,Kangaroo_Tick,Nymph,732,
17,P17_P1,Kangaroo_Tick,Nymph,733,
17,P17_P1,Kangaroo_Tick,Nymph,734,
17,P17_P1,Tiny_Typical_Leafhopper_6,Adult,735,
17,P17_P1,Tiny_Typical_Leafhopper_6,Adult,736,
17,P17_P1,Orbweaver_Brown_9,Adult,737,
17,P17_P1,Sheet_Dwarf_3,Adult,738,
17,P17_P1,Sheet_Dwarf_3,Adult,739,
17,P17_P4,Dark_Brown_Leafhopper_Small,Adult,740,
17,P17_P4,Dark_Brown_Leafhopper_Small,Adult,741,
17,P17_P4,Pale_Striped_Leafhopper,Adult,742,
17,P17_P4,Pale_Striped_Leafhopper,Adult,743,
17,P17_P4,Small_Black_Ant,Adult,744,
17,P17_P4,Small_Black_Ant,Adult,745,
17,P17_P4,Small_Pale_Fly,Adult,746,
17,P17_P3,Pale_Brown_Moth_2,Adult,747,
17,P17_P3,Pale_Striped_Leafhopper,Adult,748,
17,P17_P3,Kangaroo_Tick,Nymph,749,
17,P17_P3,Kangaroo_Tick,Nymph,750,
17,P17_P3,Kangaroo_Tick,Nymph,751,
17,P17_P3,Kangaroo_Tick,Nymph,752,
17,P17_P3,Orbweaver_Brown_8,Nymph,753,
17,P17_P3,Flea_Beetle_Sp_5,Adult,754,
17,P17_P3,Small_Brown_Beetle,Adult,755,
17,P17_P3,Tyrant_Ant_Sp.,Adult,756,
17,P17_P3,Tyrant_Ant_Sp.,Adult,757,
17,P17_P3,Tyrant_Ant_Sp.,Adult,758,
17,P17_P3,Tyrant_Ant_Sp.,Adult,759,
17,P17_P3,Tyrant_Ant_Sp.,Adult,760,
17,P17_P3,Tyrant_Ant_Sp.,Adult,761,
17,P17_P3,Tyrant_Ant_Sp.,Adult,762,
17,P17_P3,Pale_Brown_Leafhopper,Adult,763,
17,P17_P3,Pale_Brown_Leafhopper,Adult,764,
17,P17_P3,Green_Mirid,Adult,765,
17,P17_P3,Green_Mirid,Adult,766,
17,P17_P3,Green_Mirid,Adult,767,
17,P17_P3,Small_Orange_Ant,Adult,768,
17,P17_P3,Blow_Fly_Sp_2,Adult,769,
17,P17_P3,Blow_Fly_Sp_2,Adult,770,
17,P17_P3,Pale_Spider_2,Adult,771,
17,P17_P3,Pale_Spider_White_Ab,Adult,772,
17,P17_P5,Kangaroo_Tick,Nymph,773,
17,P17_P5,Small_Lepidoptera_Looper ,Nymph,774,
17,P17_P5,Small_Lepidoptera_Looper ,Nymph,775,
17,P17_P5,Tyrant_Ant_Sp.,Adult,776,
17,P17_P5,Large_Grass_Spider,Adult,777,
17,P17_P5,White_Leafhopper,Adult,778,
17,P17_P5,Tiny_White_Spider,Adult,779,
17,P17_P5,Blow_Fly_Sp_2,Adult,780,
17,P17_P5,Blow_Fly_Sp_2,Adult,781,
17,P17_P5,Orange_Leg_Small_Fly,Adult,782,
17,P17_P5,Tiny_Black_Fly,Adult,783,
17,P17_P5,Red_and_Blue_Beetle,Adult,784,
17,P17_P5,Red_and_Blue_Beetle,Adult,785,
17,P17_P5,Red_and_Blue_Beetle,Adult,786,
17,P17_P5,Red_and_Blue_Beetle,Adult,787,
17,P17_P5,Tumbling_Flower_Beetle,Adult,788,
17,P17_P5,Brown_Moth,Adult,789,
17,P17_P6,Small_Black_Ant,Adult,790,
17,P17_P6,Small_Black_Ant,Adult,791,
17,P17_P6,Small_Black_Ant,Adult,792,
17,P17_P6,Small_Black_Ant,Adult,793,
17,P17_P6,Small_Black_Ant,Adult,794,
17,P17_P6,Small_Black_Ant,Adult,795,
17,P17_P6,Small_Black_Ant,Adult,796,
17,P17_P6,Small_Black_Ant,Adult,797,
17,P17_P6,Small_Black_Ant,Adult,798,
17,P17_P6,Small_Black_Ant,Adult,799,
17,P17_P6,Small_Black_Ant,Adult,800,
17,P17_P6,Red_and_Blue_Beetle,Adult,801,
17,P17_P6,Red_and_Blue_Beetle,Adult,802,
17,P17_P6,Red_and_Blue_Beetle,Adult,803,
17,P17_P6,Red_and_Blue_Beetle,Adult,804,
17,P17_P6,Red_and_Blue_Beetle,Adult,805,
17,P17_P6,Red_and_Blue_Beetle,Adult,806,
17,P17_P6,Red_and_Blue_Beetle,Adult,807,
17,P17_P6,Kangaroo_Tick,Adult,808,
17,P17_P6,Pale_Brown_Leafhopper,Adult,809,
17,P17_P6,Tyrant_Ant_Sp.,Adult,810,
17,P17_P6,Red_Hemiptera_Nymph,Adult,811,
17,P17_P6,Blow_Fly_Sp_2,Adult,812,
17,P17_P6,Hairy_Fungus_Beetle_Sp,Adult,813,
45,P45_P3,Bright_Green_Leafhopper,Adult,814,
45,P45_P3,Green_Mirid,Adult,815,
45,P45_P3,Blow_Fly_Sp_2,Adult,816,
45,P45_P3,Tumbling_Flower_Beetle,Adult,817,
45,P45_P3,Tumbling_Flower_Beetle,Adult,818,
45,P45_P3,Kangaroo_Tick,Nymph,819,
45,P45_P3,Kangaroo_Tick,Nymph,820,
45,P45_P3,Kangaroo_Tick,Nymph,821,
45,P45_P3,Kangaroo_Tick,Nymph,822,
45,P45_P3,Small_Black_Ant_2,Adult,823,
45,P45_P3,Small_Black_Ant_2,Adult,824,
45,P45_P3,Small_Lepidoptera_Looper_2,Nymph,825,
45,P45_P3,Orbweaver_Brown_10,Adult,826,
45,P45_P3,Orbweaver_Brown_10,Adult,827,
45,P45_P3,Long_Nosed_Planthopper_Green,Adult,828,
45,P45_P3,Orbweaver_Brown_10,Adult,829,
45,P45_P3,Pointy_Runcina,Adult,830,
45,P45_P3,Little_Brown_Fly_3,Adult,831,
45,P45_P3,Little_Brown_Fly_3,Adult,832,
45,P45_P3,Little_Brown_Fly_3,Adult,833,
45,P45_P3,Little_Brown_Fly_3,Adult,834,
45,P45_P3,Hairy_Lepidoptera,Nymph,835,
45,P45_P3,Aphid_Red_Spot,Adult,836,
45,P45_P3,Aphid_Red_Spot,Adult,837,
45,P45_P3,Aphid_Red_Spot,Adult,838,
45,P45_P3,Aphid_Red_Spot,Adult,839,
45,P45_P3,Aphid_Red_Spot,Adult,840,
45,P45_P3,Rove_Beetle_3,Adult,841,
45,P45_P3,Aphid_Green_3,Adult,842,
45,P45_P3,Aphid_Green_3,Adult,843,
45,P45_P6,Kangaroo_Tick,Nymph,844,
45,P45_P6,Kangaroo_Tick,Nymph,845,
45,P45_P6,Tumbling_Flower_Beetle,Adult,846,
45,P45_P6,Tumbling_Flower_Beetle,Adult,847,
45,P45_P6,Black_Wasp_2,Adult,848,
45,P45_P6,Black_Wasp_2,Adult,849,
45,P45_P6,Fruit_Fly_Sp_2,Adult,850,
45,P45_P6,Little_Moth,Adult,851,
45,P45_P6,Little_Brown_Fly_3,Adult,852,
45,P45_P6,Little_Brown_Fly_3,Adult,853,
45,P45_P6,Little_Brown_Fly_3,Adult,854,
45,P45_P6,Blow_Fly_Sp_2,Adult,855,
45,P45_P6,Blow_Fly_Sp_2,Adult,856,
45,P45_P6,Blow_Fly_Sp_2,Adult,857,
45,P45_P6,Blow_Fly_Sp_2,Adult,858,
45,P45_P6,Small_Black_Ant_2,Adult,859,
45,P45_P6,Small_Black_Ant_2,Adult,860,
45,P45_P6,Small_Black_Ant_2,Adult,861,
45,P45_P6,Small_Black_Ant_2,Adult,862,
45,P45_P6,Small_Black_Ant_2,Adult,863,
45,P45_P6,Small_Black_Ant_2,Adult,864,
45,P45_P6,Small_Black_Ant_2,Adult,865,
45,P45_P6,Small_Black_Ant_2,Adult,866,
45,P45_P6,Small_Black_Ant_2,Adult,867,
45,P45_P6,Small_Black_Ant_2,Adult,868,
45,P45_P6,Small_Black_Ant_2,Adult,869,
45,P45_P6,Small_Black_Ant_2,Adult,870,
45,P45_P6,Small_Black_Ant,Adult,871,
45,P45_P6,Minute_Brown_Scavenger_Beetle,Adult,872,
45,P45_P6,Minute_Brown_Scavenger_Beetle,Adult,873,
45,P45_P6,Small_Brown_Beetle,Adult,874,
45,P45_P1,Fly_Small,Adult,875,
45,P45_P1,Green_Mirid,Adult,876,
45,P45_P1,Little_Yellowish_LH,Adult,877,
45,P45_P1,Little_Yellowish_LH,Adult,878,
45,P45_P1,Little_Yellowish_LH,Adult,879,
45,P45_P1,Little_Yellowish_LH,Adult,880,
45,P45_P1,Little_Yellowish_LH,Adult,881,
45,P45_P1,Little_Yellowish_LH,Adult,882,
45,P45_P1,Little_Yellowish_LH,Adult,883,
45,P45_P1,Little_Yellowish_LH,Adult,884,
45,P45_P1,Orbweaver_Brown_11,Adult,885,
45,P45_P1,Lean_Lynx_Spider,Adult,886,
45,P45_P5,Green_Mirid,Adult,887,
45,P45_P5,Green_Mirid,Adult,888,
45,P45_P5,Green_Mirid,Adult,889,
45,P45_P5,Green_Mirid,Adult,890,
45,P45_P5,Green_Mirid,Adult,891,
45,P45_P5,Flea_Beetle_Sp_5,Adult,892,
45,P45_P5,Flea_Beetle_Sp_5,Adult,893,
45,P45_P5,Flea_Beetle_Sp_5,Adult,894,
45,P45_P5,Little_Yellowish_LH,Adult,895,
45,P45_P5,Small_Black_Ant_2,Adult,896,
45,P45_P5,Small_Black_Ant_2,Adult,897,
45,P45_P5,Small_Black_Ant_2,Adult,898,
45,P45_P5,Small_Black_Ant_2,Adult,899,
45,P45_P5,Aphid_Red_Spot,Adult,900,
45,P45_P5,Large_Brown_Grasshopper_2,Adult,901,
45,P45_P5,Stretched_Philodromid,Adult,902,
45,P45_P5,Lean_Lynx_Spider,Adult,903,
45,P45_P5,Thrips_Sp.,Adult,904,
45,P45_P5,Thrips_Sp.,Adult,905,
45,P45_P5,Thrips_Sp.,Adult,906,
45,P45_P5,Transverse_Ladybug,Adult,907,
45,P45_P5,Transverse_Ladybug,Nymph,908,
45,P45_P5,Green_Wasp,Adult,909,
45,P45_P5,Moth_Pale_Brown,Adult,910,
45,P45_P5,Long_Nosed_Planthopper_Brown,Adult,911,
45,P45_P5,Assassin_Bug_Sp.,Nymph,912,
45,P45_P5,Hairy_Lepidoptera_2 ,Nymph,913,
45,P45_P2,Rove_Beetle_3,Adult,914,
45,P45_P2,Blow_Fly_Sp_2,Adult,915,
45,P45_P2,Small_Black_Ant_2,Adult,916,
45,P45_P2,Small_Black_Ant_2,Adult,917,
45,P45_P2,Small_Black_Ant_2,Adult,918,
45,P45_P2,Small_Black_Ant_2,Adult,919,
45,P45_P2,Small_Black_Ant_2,Adult,920,
45,P45_P2,Small_Black_Ant_2,Adult,921,
45,P45_P2,Small_Black_Ant_2,Adult,922,
45,P45_P2,Little_White_Spider,Adult,923,
45,P45_P2,Christmas_Jewel_Spider,Adult,924,
45,P45_P2,Black_Wasp,Adult,925,
45,P45_P2,Black_Wasp,Adult,926,
45,P45_P2,Mirid_Sp.,Adult,927,
45,P45_P2,Coleoptera_Larvae,Nymph,928,
45,P45_P2,Ant-like_Flower_Beetle_Sp.,Adult,929,
45,P45_P4,Spotted_Amber_Ladybird,Adult,930,
45,P45_P4,Spotted_Amber_Ladybird,Nymph,931,
45,P45_P4,Kangaroo_Tick,Nymph,932,
45,P45_P4,Blow_Fly_Sp_2,Adult,933,
45,P45_P4,Rove_Beetle_3,Adult,934,
45,P45_P4,Tumbling_Flower_Beetle,Adult,935,
45,P45_P4,Minute_Brown_Scavenger_Beetle,Adult,936,
45,P45_P4,Thrips_Sp.,Adult,937,
45,P45_P4,Dinumma_Sp. ,Nymph,938,
45,P45_P4,Small_Striped_Flea_Beetle,Adult,939,
45,P45_P4,Small_Striped_Flea_Beetle,Adult,940,
45,P45_P4,Jumping_Spider,Adult,941,
10,P10_P1,Wide_Wing_Moth,Adult,942,
10,P10_P1,Mottled_Brown_Leafhopper_2,Adult,943,
10,P10_P1,Mottled_Brown_Leafhopper_2,Adult,944,
10,P10_P1,Small_Orange_Leafhopper,Adult,945,
10,P10_P1,Small_Orange_Leafhopper,Adult,946,
10,P10_P1,Short_Horn_grasshopper_Sp_2,Adult,947,
10,P10_P1,Orbweaver_Brown_12,Adult,948,
10,P10_P1,Square-ended_Crab_Spider_Sp.,Adult,949,
10,P10_P1,Square-ended_Crab_Spider_Sp.,Adult,950,
10,P10_P1,Grass_Lynx_2,Adult,951,
10,P10_P1,Lynx_Spider_Sp.,Adult,952,
10,P10_P1,Peacock_Spider,Adult,953,
10,P10_P1,Jumping_Spider_5,Adult,954,
10,P10_P1,Split_Leg_Wasp_2,Adult,955,
10,P10_P1,Pale_Leafhopper,Adult,956,
10,P10_P1,Dark_Brown_Leafhopper_4,Adult,957,
10,P10_P1,Cricket_Sp,Adult,958,
10,P10_P1,Lynx_Spider_Sp.2,Adult,959,
10,P10_P1,Green_Leafhopper,Adult,960,
10,P10_P1,Medium_Brown_Leafhopper,Adult,961,
10,P10_P1,Fruit_Fly_Sp.,Adult,962,
10,P10_P1,Fruit_Fly_Sp.,Adult,963,
10,P10_P1,Long_Hemiptera_Grey,Adult,964,
10,P10_P1,Tiny_Pale_Spider_2,Adult,965,
10,P10_P1,Little_Black_Hemiptera,Adult,966,
10,P10_P2,Flying_Orange_Stinger,Adult,967,
10,P10_P2,Pale_Yellow_Leafhopper,Adult,968,
10,P10_P2,Pale_Yellow_Leafhopper,Adult,969,
10,P10_P2,Small_Orange_Leafhopper,Adult,970,
10,P10_P2,Small_Orange_Leafhopper,Adult,971,
10,P10_P2,Small_Orange_Leafhopper,Adult,972,
10,P10_P2,Small_Orange_Leafhopper,Adult,973,
10,P10_P2,Small_Orange_Leafhopper,Adult,974,
10,P10_P2,Small_Orange_Leafhopper,Adult,975,
10,P10_P2,Small_Orange_Leafhopper,Adult,976,
10,P10_P2,Small_Orange_Leafhopper,Adult,977,
10,P10_P2,Small_Orange_Leafhopper,Adult,978,
10,P10_P2,Small_Orange_Leafhopper,Adult,979,
10,P10_P2,Small_Orange_Leafhopper,Adult,980,
10,P10_P2,Small_Orange_Leafhopper,Adult,981,
10,P10_P2,Pale_Leafhopper,Adult,982,
10,P10_P2,Pale_Leafhopper,Adult,983,
10,P10_P2,Pale_Leafhopper,Adult,984,
10,P10_P2,Pale_Leafhopper,Adult,985,
10,P10_P2,Pale_Leafhopper,Adult,986,
10,P10_P2,Pale_Leafhopper,Adult,987,
10,P10_P2,Pale_Leafhopper,Adult,988,
10,P10_P2,Pale_Leafhopper,Adult,989,
10,P10_P2,Pale_Leafhopper,Adult,990,
10,P10_P2,Pale_Leafhopper,Adult,991,
10,P10_P2,Pale_Leafhopper,Adult,992,
10,P10_P2,Pale_Leafhopper,Adult,993,
10,P10_P2,Pale_Leafhopper,Adult,994,
10,P10_P2,Pale_Leafhopper,Adult,995,
10,P10_P2,Broad-headed_Bug_Sp.,Adult,996,
10,P10_P2,Orbweaver_Brown_3,Adult,997,
10,P10_P2,Minute_Brown_Scavenger_Beetle,Adult,998,
10,P10_P2,Orbweaver_Brown_3,Adult,999,
10,P10_P2,Red_and_Blue_Beetle,Adult,1000,
10,P10_P2,Orbweaver_Brown_13,Adult,1001,
10,P10_P2,Orbweaver_Brown_13,Adult,1002,
10,P10_P2,Orbweaver_Brown_13,Adult,1003,
10,P10_P2,Flea_Beetle_Sp_4,Adult,1004,
10,P10_P3,Small_Brown_Ant,Adult,1005,
10,P10_P3,Small_Brown_Ant,Adult,1006,
10,P10_P3,Small_Brown_Ant,Adult,1007,
10,P10_P3,Small_Pale_Fly_2,Adult,1008,
10,P10_P3,Small_Pale_Fly_2,Adult,1009,
10,P10_P3,Small_Pale_Fly_2,Adult,1010,
10,P10_P3,Small_Pale_Fly_2,Adult,1011,
10,P10_P3,Small_Pale_Fly_2,Adult,1012,
10,P10_P3,Small_Pale_Fly_2,Adult,1013,
10,P10_P3,Small_Pale_Fly_2,Adult,1014,
10,P10_P3,Small_Black_Ant,Adult,1015,
10,P10_P3,Small_Black_Ant,Adult,1016,
10,P10_P3,Insect_Pupa,Nymph,1017,
10,P10_P3,Small_Orange_Leafhopper,Adult,1018,
10,P10_P3,Small_Orange_Leafhopper,Adult,1019,
10,P10_P3,Small_Orange_Leafhopper,Adult,1020,
10,P10_P3,Orbweaver_Brown_9,Adult,1021,
10,P10_P3,Orbweaver_Brown_9,Adult,1022,
10,P10_P3,Dusky_Lady_Beetle_Sp,Adult,1023,
10,P10_P3,Split_Leg_Wasp,Adult,1024,
10,P10_P3,Angulate_Spider_Sp.,Adult,1025,
10,P10_P3,Green_Midge,Adult,1026,
10,P10_P3,Mirid_Sp_2,Adult,1027,
10,P10_P3,Jumping_Spider_7,Adult,1028,
10,P10_P3,Orbweaver_Brown_13,Adult,1029,
10,P10_P4,Longlegged_Sac_Spider,Adult,1030,
10,P10_P4,Orbweaver_Brown_9,Adult,1031,
10,P10_P4,Fruit_Fly_Sp.,Adult,1032,
10,P10_P4,Fruit_Fly_Sp.,Adult,1033,
10,P10_P4,Small_Orange_Leafhopper,Adult,1034,
10,P10_P4,Small_Orange_Leafhopper,Adult,1035,
10,P10_P4,Small_Orange_Leafhopper,Adult,1036,
10,P10_P4,Small_Orange_Leafhopper,Adult,1037,
10,P10_P4,Small_Orange_Leafhopper,Adult,1038,
10,P10_P4,Small_Orange_Leafhopper,Adult,1039,
10,P10_P4,Wide_Wing_Moth,Adult,1040,
10,P10_P4,Pale_Leafhopper,Adult,1041,
10,P10_P4,Pale_Leafhopper,Adult,1042,
10,P10_P4,Small_Brown_Ant,Adult,1043,
10,P10_P4,Small_Brown_Ant,Adult,1044,
10,P10_P4,Small_Brown_Ant,Adult,1045,
10,P10_P4,Wide_Leg_Fly,Adult,1046,
10,P10_P4,Long_Mantis,Adult,1047,
10,P10_P5,Cricket_Sp,Adult,1048,
10,P10_P5,Kangaroo_Tick,Nymph,1049,
10,P10_P5,Kangaroo_Tick,Nymph,1050,
10,P10_P5,Kangaroo_Tick,Nymph,1051,
10,P10_P5,Kangaroo_Tick,Nymph,1052,
10,P10_P5,Small_Black_Ant,Adult,1053,
10,P10_P5,Stout_Grasshopper,Adult,1054,
10,P10_P5,Stout_Grasshopper,Adult,1055,
10,P10_P5,Green_Leafhopper,Adult,1056,
10,P10_P5,Orbweaver_Brown_14,Adult,1057,
10,P10_P5,Jumping_Spider_8,Adult,1058,
10,P10_P5,Orbweaver_Brown_12,Adult,1059,
10,P10_P5,Orbweaver_Brown_12,Adult,1060,
10,P10_P5,Orbweaver_Brown_12,Adult,1061,
10,P10_P5,Orbweaver_Brown_12,Adult,1062,
10,P10_P5,Orbweaver_Brown_12,Adult,1063,
10,P10_P5,Orbweaver_Brown_12,Adult,1064,
10,P10_P5,Orbweaver_Brown_12,Adult,1065,
10,P10_P5,Orbweaver_Brown_12,Adult,1066,
10,P10_P5,Orbweaver_Brown_12,Adult,1067,
10,P10_P5,Orbweaver_Brown_12,Adult,1068,
10,P10_P5,Lynx_Spider_Sp.3,Adult,1069,
10,P10_P5,Green_Mirid,Adult,1070,
10,P10_P5,Little_Brown_Fly,Adult,1071,
10,P10_P5,Little_Brown_Fly,Adult,1072,
10,P10_P6,Brown_Lacewing,Adult,1073,
10,P10_P6,Green_Lacewing,Adult,1074,
10,P10_P6,Fruit_Fly_Sp_2,Adult,1075,
10,P10_P6,Darker_Cricket,Adult,1076,
10,P10_P6,Broad-headed_Bug_Sp.,Adult,1077,
10,P10_P6,Broad-headed_Bug_Sp.,Adult,1078,
10,P10_P6,Tiny_Pale_Fly,Adult,1079,
10,P10_P6,Small_Orange_Ant_2,Adult,1080,
10,P10_P6,Kangaroo_Tick,Adult,1081,
10,P10_P6,Kangaroo_Tick,Adult,1082,
10,P10_P6,Kangaroo_Tick,Adult,1083,
10,P10_P6,Large_Meat_Ant,Adult,1084,
10,P10_P6,Large_Meat_Ant,Adult,1085,
10,P10_P6,Large_Meat_Ant,Adult,1086,
6,P6_P1,Orbweaver_Long_Teardrop,Adult,1087,
6,P6_P1,Little_Round_Black_Beetle,Adult,1088,
6,P6_P1,Orbweaver_Long_Teardrop,Adult,1089,
6,P6_P1,Flea_Beetle_Sp_6,Adult,1090,
6,P6_P1,Kangaroo_Tick,Nymph,1091,
6,P6_P1,Little_Dark_Brown_Leafhopper,Adult,1092,
6,P6_P1,Large_Mottled_Brown_Leafhopper,Adult,1093,
6,P6_P4,Stretched_Philodromid,Adult,1094,
6,P6_P4,Stretched_Philodromid,Adult,1095,
6,P6_P5,Green_Leafhopper_3,Adult,1096,
6,P6_P5,Pale_Brown_Leafhopper,Nymph,1097,
6,P6_P5,Pale_Brown_Leafhopper,Adult,1098,
6,P6_P5,Straight-snouted_Weevil_Sp_2,Adult,1099,
6,P6_P5,Pointy_Runcina,Adult,1100,
6,P6_P5,Signal_Flies_Sp.,Adult,1101,
6,P6_P5,Ant-like_Hemiptera,Adult,1102,
6,P6_P5,Dinumma_Sp. ,Nymph,1103,
6,P6_P2,Signal_Flies_Sp.,Adult,1104,
6,P6_P2,Signal_Flies_Sp.,Adult,1105,
6,P6_P2,Signal_Flies_Sp.,Adult,1106,
6,P6_P2,Black_Hemiptera_3,Adult,1107,
6,P6_P2,Blow_Fly_Sp_2,Adult,1108,
6,P6_P2,Blow_Fly_Sp_2,Adult,1109,
6,P6_P2,Pale_Spider,Adult,1110,
6,P6_P2,Pale_Brown_Grasshopper,Adult,1111,
6,P6_P2,Pale_Grasshopper,Adult,1112,
6,P6_P2,Pale_Grasshopper,Adult,1113,
6,P6_P2,Grey_Weevil,Adult,1114,
6,P6_P2,Pale_Small_Leafhopper,Adult,1115,
6,P6_P6,Blow_Fly_Sp_2,Adult,1116,
6,P6_P6,Stretched_Philodromid,Adult,1117,
6,P6_P6,Flea_Beetle_Sp_6,Adult,1118,
6,P6_P6,Flea_Beetle_Sp_6,Adult,1119,
6,P6_P6,Third_Weevil,Adult,1120,
6,P6_P6,Third_Weevil,Adult,1121,
6,P6_P6,Third_Weevil,Adult,1122,
6,P6_P6,Third_Weevil,Adult,1123,
6,P6_P6,Long_Lepidoptera_Looper,Nymph,1124,
6,P6_P6,Pale_Moth_2,Adult,1125,
6,P6_P3,Stripe_Down_Back_Grasshopper,Adult,1126,
6,P6_P3,Large_Black_Spider,Adult,1127,
