Property,Point,Elevation_(m),Plant_Height,ImageJ_Min,ImageJ_Max,Ground_Cover,ImageJ_Min,ImageJ_Max,Prop_Green_GC,Weed_Estimate,Dominant_Herb_Weed,Dominat_Grass,Grass_Status,Natual_Grazing_1km,Cropping_1km,500m Simspson,500m Dominant Landscape Class
10,P10_P1,587,12,675975,3583626,84.13,2358753,1900848,44.63,0-20%,Bidens_pilosa,Paspalum_distichum,Introduced,69.69,0,0.616688317,NTV_Woody_Closed
10,P10_P2,586,67,898045,4546757,83.51,3424902,2019900,37.1,0-20%,Bidens_pilosa,Paspalum_distichum,Introduced,68.83,0,0.606504241,NTV_Woody_Closed
10,P10_P3,590,28,854509,4035186,82.52,1482585,3407110,69.68,20-40%,Bidens_pilosa,Urochloa_Sp.,Unknown,70.84,0,0.632045966,NTV_Woody_Closed
10,P10_P4,588,25,1515740,2880604,65.52,2775959,1620385,36.86,0-20%,Bidens_pilosa,Paspalum_distichum,Introduced,69.73,0,0.621935759,NTV_Woody_Closed
10,P10_P5,587,21,1001116,4904954,83.05,2257368,3648702,61.78,20-40%,Bidens_pilosa,Digitaria_ciliaris,Introduced,70.61,0,0.629488681,NTV_Woody_Closed
10,P10_P6,586,35,1197412,4706187,79.72,1704740,4198859,71.12,20-40%,Bidens_pilosa,Urochloa_Sp.,Unknown,71.81,0,0.643303934,NTV_Woody_Closed
12,P12_P1,480,7,1277034,3510198,73.32,2456395,2330837,48.69,20-40%,Daucus_carota,Eleusine_indica,Introduced,25.15,57.58,0.106883604,NTV_Herbaceous_Open
12,P12_P2,477,6,1313584,4330386,63.81,3553932,2090038,37.03,0-20%,Daucus_carota,Hyparrhenia_Sp.,Introduced,25.42,57.37,0.054596794,NTV_Herbaceous_Open
12,P12_P3,481,12,461821,4170452,90.03,2799712,1832561,39.56,20-40%,Daucus_carota,Bothriochloa_decipiens,Native,45.37,58.89,0.086898199,NTV_Herbaceous_Open
12,P12_P4,478,5,903521,3134299,77.62,2861809,1176011,29.12,0-20%,Daucus_carota,Hyparrhenia_Sp.,Introduced,25.44,56.77,0.080052245,NTV_Herbaceous_Open
12,P12_P5,479,8,1346554,2702015,66.74,2458292,1590277,39.28,40-60%,Daucus_carota,Hyparrhenia_Sp.,Introduced,24.82,59.21,0.049503431,NTV_Herbaceous_Open
12,P12_P6,480,13,1428177,3432471,70.62,3722529,1138119,23.41,0-20%,Sonchus_Sp.,Digitaria_Sp.,Unknown,25.44,56.45,0.118460261,NTV_Herbaceous_Open
17,P17_P1,447,26,1358816,3616258,72.69,2632617,2105697,44.44,20-40%,Gnaphalium_Sp.,Hyparrhenia_Sp.,Introduced,35.02,64.84,0.606732914,NTV_Herbaceous_Open
17,P17_P2,434,18,1774115,3921970,68.85,3099776,2596309,45.58,0-20%,Senecio_madagascariensis,Hyparrhenia_Sp.,Introduced,34.7,65.03,0.578797728,NTV_Herbaceous_Open
17,P17_P3,435,21,1060893,4956734,82.37,4424977,1592650,26.47,0-20%,Senecio_madagascariensis,Hyparrhenia_Sp.,Introduced,34.77,65.23,0.675415842,NTV_Herbaceous_Open
17,P17_P4,448,25,2429954,3714758,60.45,4192090,1952622,31.78,20-40%,Gnaphalium_Sp.,Dichelachne_crinita,Native,35.13,64.82,0.640719174,NTV_Herbaceous_Open
17,P17_P5,435,18,2293891,4701949,67.21,4616581,2379259,34.01,40-60%,Senecio_madagascariensis,Hyparrhenia_Sp.,Introduced,34.01,65.92,0.593076304,NTV_Herbaceous_Open
17,P17_P6,433,19,2055961,3872739,65.32,3679213,2249487,37.94,0-20%,Senecio_madagascariensis,Hyparrhenia_Sp.,Introduced,33.65,66.16,0.556226046,NTV_Herbaceous_Open
22,P22_P1,283,9,589940,3160060,84.27,3130029,619971,16.53,20-40%,Senecio_madagascariensis,Digitaria_Sp.,Unknown,87.7,2.4,0.61196058,NTV_Woody_Open
22,P22_P2,140,21,536741,3084315,85.18,3372790,248266,6.86,0-20%,Senecio_madagascariensis,Digitaria_Sp.,Unknown,87.63,2.65,0.628204054,NTV_Woody_Open
22,P22_P3,147,8,800612,2867195,78.17,3467701,200106,5.46,20-40%,Senecio_madagascariensis,Digitaria_Sp.,Unknown,86.78,2.78,0.569662091,NTV_Woody_Open
22,P22_P4,142,10,526478,3201385,85.88,3312902,414961,11.13,20-40%,Senecio_madagascariensis,Digitaria_Sp.,Unknown,87.24,2.53,0.594723192,NTV_Woody_Open
22,P22_P5,135,5,519417,3750849,87.84,3950827,319439,7.48,40-60%,Senecio_madagascariensis,Digitaria_Sp.,Unknown,86.72,3.06,0.59,NTV_Woody_Open
22,P22_P6,136,11,375971,3503245,90.31,3310019,569197,14.67,40-60%,Senecio_madagascariensis,Digitaria_Sp.,Unknown,87.16,2.76,0.606024574,NTV_Woody_Open
23,P23_P1,250,39,163910,3971866,96.04,2589009,1546767,37.4,0-20%,Senecio_madagascariensis,Hyparrhenia_Sp.,Introduced,25.58,5.76,0.671373937,NTV_Woody_Open
23,P23_P2,236,38,696591,3988870,85.13,2462053,2223408,47.45,20-40%,Erigeron_canadensis,Hyparrhenia_Sp.,Introduced,67.23,5.89,0.670311781,NTV_Woody_Open
23,P23_P3,244,8,737884,4022844,84.5,3291603,1469125,30.86,0-20%,Cyclospermum_leptophyllum,Hyparrhenia_Sp.,Introduced,67.04,5.76,0.671055567,NTV_Woody_Open
23,P23_P4,256,26,467485,4995365,91.44,4810119,652731,11.95,0-20%,Senecio_madagascariensis,Digitaria_Sp.,Unknown,68.78,5.64,0.648378914,NTV_Woody_Open
23,P23_P5,237,32,428992,4210526,90.75,3061304,1578214,34.02,0-20%,Senecio_madagascariensis,Bothriochloa_decipiens,Native,68.32,6.05,0.680519508,NTV_Woody_Open
23,P23_P6,254,3,1703695,3691040,68.42,4006139,1388596,25.74,0-20%,Senecio_madagascariensis,Hyparrhenia_Sp.,Introduced,69.89,5.97,0.667720939,NTV_Woody_Open
26,P26_P1,506,5,1452246,3438620,70.31,3380016,1510850,30.89,0-20%,Senecio_madagascariensis,Dichanthium_aristatum,Introduced,42.89,8.99,0.58964361,NTV_Herbaceous_Open
26,P26_P2,502,6,491897,4571855,90.29,2747306,2316446,45.75,20-40%,Senecio_madagascariensis,Bothriochloa_Sp.,Unknown,46.09,43.94,0.602449192,NTV_Herbaceous_Open
26,P26_P3,497,9,1253387,3223215,72,2870214,1606388,35.88,40-60%,Senecio_madagascariensis,Digitaria_Sp.,Unknown,45.63,43.73,0.616840608,NTV_Herbaceous_Open
26,P26_P4,489,20,568742,3830818,87.07,2255094,2144466,48.74,80-100%,Daucus_carota,Setaria_sphacelata,Introduced,44.45,45.55,0.662723359,NTV_Herbaceous_Open
26,P26_P5,491,35,671550,4542968,87.12,2801992,2412526,46.27,0-20%,Daucus_carota,Hyparrhenia_Sp.,Introduced,44.89,44.77,0.642871291,NTV_Herbaceous_Open
26,P26_P6,498,15,902060,3631240,80.1,2344552,2188748,48.28,0-20%,Soliva_Sp.,Setaria_sphacelata,Introduced,45.41,44.36,0.623834991,NTV_Herbaceous_Open
29,P29_P1,120,8,395766,4345893,91.65,3842106,899553,18.97,60-80%,Senecio_madagascariensis,Digitaria_Sp.,Unknown,69.66,6.37,0.675651947,NTV_Woody_Closed
29,P29_P2,126,7,2764895,1627537,37.05,3059922,1332510,30.34,0-20%,Senecio_madagascariensis,Digitaria_Sp.,Unknown,69.92,6.08,0.659287633,NTV_Woody_Closed
29,P29_P3,120,22,843199,3330025,79.8,2912373,1260851,30.21,0-20%,Senecio_madagascariensis,Digitaria_Sp.,Unknown,69.29,6.65,0.684600638,NTV_Woody_Closed
29,P29_P4,119,10,1780283,2931823,62.22,3593926,1118180,23.73,40-60%,Senecio_madagascariensis,Digitaria_Sp.,Unknown,69.4,6.57,0.686359872,NTV_Woody_Closed
29,P29_P5,118,28,2710714,1630136,37.55,3662884,677966,15.62,20-40%,Senecio_madagascariensis,Digitaria_Sp.,Unknown,69.57,6.4,0.676762122,NTV_Woody_Closed
29,P29_P6,120,9,1877278,2143940,53.32,3117558,903660,22.47,0-20%,Senecio_madagascariensis,Digitaria_Sp.,Unknown,69.16,6.89,0.694004608,NTV_Woody_Closed
42,P42_P1,553,10,403579,4214591,91.26,2059625,2558545,55.4,20-40%,Daucus_carota,Dichelachne_crinita,Native,99.52,0.48,0.388497946,NTV_Herbaceous_Open
42,P42_P2,553,9,432262,4387358,91.03,3264145,1555475,32.27,0-20%,Daucus_carota,Dichelachne_crinita,Native,99.52,0.48,0.409540443,NTV_Herbaceous_Open
42,P42_P3,563,13,515450,3896022,88.32,1947688,2463784,55.85,0-20%,Daucus_carota,Dichelachne_crinita,Native,99.52,0.48,0.405829737,NTV_Herbaceous_Open
42,P42_P4,555,12,610967,3702356,85.84,2196971,2116352,49.07,20-40%,Daucus_carota,Dichelachne_crinita,Native,99.52,0.48,0.369406791,NTV_Herbaceous_Open
42,P42_P5,550,16,474505,3825623,88.97,1824353,2475775,57.57,40-60%,Plantain_Sp.,Dichelachne_crinita,Native,99.52,0.48,0.397455311,NTV_Herbaceous_Open
42,P42_P6,553,11,714264,4449708,86.17,2956597,2207375,42.75,20-40%,Daucus_carota,Dichelachne_crinita,Native,99.52,0.48,0.427148648,NTV_Herbaceous_Open
45,P45_P1,445,21,864427,5513527,86.45,5368987,1008967,15.82,60-80%,Cirsium_vulgare,Paspalum_scrobiculatum,Introduced,26.44,71.28,0.647745043,NTV_Herbaceous_Open
45,P45_P2,448,53,717055,5226428,87.94,1958614,3984869,67.05,20-40%,Senecio_madagascariensis,Eragrostis_brownii,Native,25.86,71.75,0.633776649,NTV_Herbaceous_Open
45,P45_P3,445,53,1220575,3762515,75.51,2932881,2050209,41.14,80-100%,Senecio_madagascariensis,Hyparrhenia_Sp.,Introduced,27.16,70.54,0.691494431,NTV_Herbaceous_Open
45,P45_P4,446,43,1641100,3378956,67.31,2794867,2225189,44.33,20-40%,Glandularia_aristigera,Hyparrhenia_Sp.,Introduced,25.26,72.24,0.626922713,NTV_Herbaceous_Open
45,P45_P5,448,45,373215,2340441,86.25,1609075,1104581,40.7,20-40%,Glandularia_aristigera,Hyparrhenia_Sp.,Introduced,25.3,72.32,0.628070525,NTV_Herbaceous_Open
45,P45_P6,448,54,1399984,5696384,80.27,2354707,4741661,66.82,80-100%,Glandularia_aristigera,Paspalum_scrobiculatum,Introduced,26.58,71.09,0.659337913,NTV_Herbaceous_Open
56,P56_P1,465,72,1356650,3652669,72.92,4180431,828888,16.55,0-20%,Glandularia_aristigera,Megathyrsus_maximus,Introduced,83.3,3.89,0.499989431,NTV_Herbaceous_Open
56,P56_P2,474,69,1762541,3879859,68.76,3795161,1847239,32.74,0-20%,Senecio_madagascariensis,Megathyrsus_maximus,Introduced,83.57,6.56,0.498988278,NTV_Woody_Open
56,P56_P3,473,68,1405753,3187433,69.39,3843425,749761,16.32,0-20%,Senecio_madagascariensis,Megathyrsus_maximus,Introduced,83.41,6.54,0.499958299,NTV_Woody_Open
56,P56_P4,469,17,2118850,2736451,56.36,3543926,1311375,27.01,0-20%,Glandularia_aristigera,Megathyrsus_maximus,Introduced,82.31,6.56,0.499833957,NTV_Herbaceous_Open
56,P56_P5,472,81,2507835,2176581,46.46,4283584,400832,8.56,0-20%,Glandularia_aristigera,Megathyrsus_maximus,Introduced,82.52,6.54,0.4998104,NTV_Herbaceous_Open
56,P56_P6,471,65,688431,3740183,84.45,2791570,1637044,36.97,0-20%,Senecio_madagascariensis,Megathyrsus_maximus,Introduced,84.83,6.55,0.497215415,NTV_Woody_Open
57,P57_P1,102,14,2527868,2481451,49.54,4428507,580812,11.59,60-80%,Bidens_pilosa,Digitaria_ciliaris,Introduced,93.91,0.47,0.703889507,NTV_Herbaceous_Open
57,P57_P2,92,17,1650552,3991848,70.75,4515246,1127154,19.98,60-80%,Dandelions_Sp.,Digitaria_ciliaris,Introduced,92.3,0.12,0.721777494,NTV_Herbaceous_Open
57,P57_P3,109,19,1523544,3069642,66.83,4074906,518280,11.28,40-60%,Bidens_pilosa,Digitaria_ciliaris,Introduced,93.97,0.38,0.75583547,NTV_Herbaceous_Open
57,P57_P4,98,6,1439099,3416202,70.36,4140623,714678,14.72,80-100%,Bidens_pilosa,Digitaria_ciliaris,Introduced,92.98,0.17,0.750961719,NTV_Herbaceous_Open
57,P57_P5,96,23,1759532,2924884,62.44,4305799,378617,8.08,60-80%,Bidens_pilosa,Digitaria_ciliaris,Introduced,92.79,0.22,0.70922083,NTV_Herbaceous_Open
57,P57_P6,104,55,1021433,3407181,76.94,3669950,758664,17.13,20-40%,Taraxacum_Sp.,Digitaria_ciliaris,Introduced,93.63,0.24,0.765742954,NTV_Herbaceous_Open
6,P6_P1,521,27,2566461,2251867,46.74,3877043,941285,19.54,20-40%,Senecio_madagascariensis,Bothriochloa_decipiens,Native,80.78,18.3,0.509742062,NTV_Woody_Open
6,P6_P2,517,69,2214735,2768850,55.56,3332482,1651103,33.13,20-40%,Glandularia_aristigera,Bothriochloa_decipiens,Native,80.1,18.98,0.515066072,NTV_Woody_Open
6,P6_P3,516,32,1648471,3286613,66.6,2258239,2676845,54.24,40-60%,Senecio_madagascariensis,Bothriochloa_decipiens,Native,80.16,18.93,0.502379914,NTV_Woody_Open
6,P6_P4,512,43,1279540,3443570,72.91,3281571,1441539,30.52,20-40%,Sonchus_Sp.,Bothriochloa_decipiens,Native,80.89,18.19,0.521134946,NTV_Woody_Open
6,P6_P5,519,53,1574183,3191051,66.97,3538150,1227084,25.75,20-40%,Senecio_madagascariensis,Bothriochloa_decipiens,Native,80.58,18.5,0.522836121,NTV_Woody_Open
6,P6_P6,501,41,1227903,3189499,72.2,3343213,1074189,24.32,20-40%,Glandularia_aristigera,Bothriochloa_decipiens,Native,79.6,19.48,0.516518353,NTV_Woody_Open
9,P9_P1,537,69,1336632,3401682,71.79,3500206,1238108,26.13,20-40%,Glandularia_aristigera,Hyparrhenia_Sp.,Introduced,98.79,1.21,0.255662928,NTV_Woody_Open
9,P9_P2,532,29,2048418,3647667,64.04,4610908,1085177,19.05,40-60%,Glandularia_aristigera,Hyparrhenia_Sp.,Introduced,98.79,1.21,0.325010286,NTV_Woody_Open
9,P9_P3,545,38,1609806,4407821,73.25,4424977,1592650,26.47,0-20%,Glandularia_aristigera,Hyparrhenia_Sp.,Introduced,98.79,1.21,0.301118694,NTV_Woody_Open
9,P9_P4,545,34,1500870,4643842,75.57,5019828,1124884,18.31,20-40%,Glandularia_aristigera,Hyparrhenia_Sp.,Introduced,98.79,1.21,0.351981212,NTV_Woody_Open
9,P9_P5,539,26,2293891,4701949,67.21,5262423,1733417,24.78,0-20%,Glandularia_aristigera,Hyparrhenia_Sp.,Introduced,98.79,1.21,0.342795219,NTV_Woody_Open
9,P9_P6,540,28,1710132,4218568,71.16,3342276,2586424,43.63,0-20%,Glandularia_aristigera,Megathyrsus_maximus,Introduced,98.79,1.21,0.264375411,NTV_Woody_Open
