Property,Sample_Date,Julian_date,Day_Sampled,Land_Use,If_Graze_Animal?,Land_for_Wildlife,Chemical?,Slash?,Burning?,Rain_Week_Before_mm,,,,,
22,08_09_25,45908.00,0.00,Rotating_Grazing,Cattle,No,No,Yes,Unknown,3.8,,,,,
29,08_09_25,45908.00,0.00,Rotating_Grazing,Horses,No,No,Unknown,Unknown,3.8,,,,,
23,1_10_25,45931.00,23.00,Rotating_Grazing,Cattle,Yes,No,Unknown,Unknown,0,,,,,
57,7_10_25,45937.00,29.00,Empty_Unmanaged,NA,No,No,No,No,0,,,,,
12,13_10_25,45943.00,35.00,Rotating_Grazing,Cattle,No,No,Unknown,Unknown,4.2,,,,,
26,14_10_25,45944.00,36.00,Rotating_Grazing,Cattle,Yes,No,Yes,No,4.2,,,,,
56,15_10_25,45945.00,37.00,Grazing,Cattle,No,No,Unknown,Yes,4.2,,,,,
42,16_10_25,45946.00,38.00,Rotating_Grazing,Cattle,No,No,Yes,Unknown,4.2,,,,,
9,17_10_25,45947.00,39.00,Empty_Managed,NA,Yes,No,Yes_In_Other_Spots,Yes,4.2,,,,,
17,22_10_25,45952.00,44.00,Rotating_Grazing,Cattle,No,No,Yes,Unknown,0,,,,,
45,23_10_25,45953.00,45.00,Empty_Managed,NA,No,No,Unknown,Unknown,0,,,,,
10,27_10_25,45957.00,49.00,Empty_Managed,NA,Yes,No,Yes,No,7.8,,,,,
6,28_10_25,45958.00,50.00,Rotating_Grazing,Horses,Yes,No,Yes,No,25.6,,,,,
